price,stNumber,stName,size,beacon,baseFloor,buildingStyle,elevators,rooms,bedrooms,fullBathrooms,halfBathrooms,garage
174000,150,PLEASANT ST,1060,0,4,MID-RISE,1,4,2,1,1,1
337000,7,LEVERETT ST,831,0,1,DECKER,0,4,2,1,0,0
850000,24,EUSTON ST,2246,0,1,ROW-END,0,10,6,3,0,0
516000,417,WASHINGTON ST,1574,0,2,LOW-RISE,0,6,3,2,0,0
145000,150,PLEASANT ST,669,0,4,MID-RISE,1,3,1,1,0,1
962000,135,MASON TER,986,0,1,DECKER,0,7,3,2,1,0
676000,20,CHAPEL ST,1561,0,7,HIGH-RISE,6,6,2,2,0,2
265000,32,JUNIPER ST,822,0,3,LOW-RISE,0,5,2,1,0,0
357500,41,ACKERS AVE,986,0,1,CONVERTED-HOUSE,0,5,2,1,0,0
382000,1731,BEACON ST,947,1,6,HIGH-RISE,2,4,1,1,0,1
391000,70,PARK ST,1201,0,6,HIGH-RISE,4,4,2,2,0,1
564000,103,SEWALL AVE,1083,0,1,CONVERTED-HOUSE,0,4,2,2,0,0
310000,27,ENGLEWOOD AVE,792,0,2,LOW-RISE,0,5,2,1,0,0
573000,33,STANTON RD,1300,0,1,DECKER,0,7,3,2,0,0
548000,1600,BEACON ST,950,1,6,HIGH-RISE,2,4,2,2,0,1
380000,55,SEWALL AVE,908,0,6,MID-RISE,1,4,2,1,1,1
489900,8,HAMILTON RD,1286,0,1,LOW-RISE,0,6,3,2,0,0
410000,26,HOLLY LN,1122,0,2,LOW-RISE,1,6,2,2,0,1
288000,20,CHAPEL ST,876,0,0,HIGH-RISE,6,4,1,2,0,0
549000,168,WINCHESTER ST,1254,0,1,CONVERTED-HOUSE,0,5,3,1,0,0
325000,22,CHESTNUT PL,826,0,6,MID-RISE,2,3,1,1,1,1
348500,50,LONGWOOD AVE,958,0,7,HIGH-RISE,3,3,1,1,1,1
480000,131,SEWALL AVE,1217,0,6,MID-RISE,2,4,2,2,0,1
275000,99,POND AVE,870,0,3,HIGH-RISE,5,3,1,1,0,1
300000,33,POND AVE,870,0,12,HIGH-RISE,5,3,1,1,0,1
475000,28,STANTON RD,1148,0,3,LOW-RISE,0,6,3,1,0,0
390000,91,WALNUT ST,1052,0,3,DECKER,0,5,2,1,0,0
200000,24,JUNIPER ST,638,0,1,LOW-RISE,0,4,1,1,0,0
610000,2,ST PAUL ST,1161,0,1,MID-RISE,2,4,2,2,0,0
330000,1834,BEACON ST,733,1,3,LOW-RISE,0,4,2,1,0,0
730000,52,VERNON ST,2050,0,2,ROW-MIDDLE,0,7,3,2,0,0
250000,20,CHAPEL ST,710,0,0,HIGH-RISE,6,4,1,1,0,0
145000,150,PLEASANT ST,702,0,4,MID-RISE,1,3,1,1,0,1
529900,629,HAMMOND ST,1129,0,3,LOW-RISE,2,4,2,2,0,1
955000,48,CLARK RD,2698,0,1,DUPLEX,0,8,4,4,0,2
312000,20,CHAPEL ST,566,0,2,HIGH-RISE,6,4,1,1,0,0
528000,20,CHAPEL ST,1141,0,3,HIGH-RISE,6,5,2,2,0,0
289000,20,CHAPEL ST,727,0,0,HIGH-RISE,6,4,1,1,0,0
371000,20,CHAPEL ST,791,0,1,HIGH-RISE,6,4,1,1,0,1
348000,50,PARK ST,890,0,4,LOW-RISE,1,3,1,1,0,0
625000,643,CHESTNUT HILL AVE,1623,0,3,DECKER,0,6,3,2,1,0
760000,20,CHAPEL ST,1488,0,6,HIGH-RISE,6,5,2,2,0,2
590000,10,BRADFORD TER,1365,0,2,LOW-RISE,0,6,3,1,1,0
290000,1056,BEACON ST,620,1,3,LOW-RISE,0,3,1,1,0,0
410000,19,WINCHESTER ST,940,0,1,HIGH-RISE,2,5,2,1,0,1
835000,251,ST PAUL ST,2625,0,1,DUPLEX,0,9,6,2,0,1
715000,20,CHAPEL ST,1521,0,5,HIGH-RISE,6,5,2,2,0,2
315000,50,LONGWOOD AVE,776,0,2,HIGH-RISE,3,3,1,1,0,1
595000,367,HARVARD ST,1758,0,2,LOW-RISE,0,6,2,1,0,0
360000,7,FRANKLIN ST,981,0,1,DECKER,0,6,3,1,0,0
540000,16,GARRISON RD,1387,0,1,LOW-RISE,0,5,2,1,0,0
456600,82,BROWNE ST,1455,0,2,ROW-MIDDLE,0,5,2,1,0,0
830000,19,CARLTON ST,1634,0,1,CLUSTER-TYPE,0,6,2,2,1,2
375000,12,WHITE PL,864,0,3,DECKER,0,5,2,1,0,0
925500,1724,BEACON ST,2090,1,2,ROW-MIDDLE,0,5,3,3,0,0
310000,41,WINSLOW RD,690,0,3,CONVERTED-HOUSE,0,3,1,1,0,0
168000,4,ALTON CT,346,0,0,ROW-END,0,1,0,1,0,0
960000,74,GREEN ST,1551,0,2,LOW-RISE,2,5,3,2,1,2
980000,232,SUMMIT AVE,2359,0,2,LOW-RISE,2,6,3,2,1,2
1542500,1140,BEACON ST,2384,1,3,LOW-RISE,2,6,2,2,1,2
777000,100,COLUMBIA ST,2334,0,2,DECKER,0,9,4,1,1,0
644000,28,ALTON PL,1487,0,1,LOW-RISE,0,5,3,3,0,1
264000,119,WINTHROP RD,883,0,0,LOW-RISE,0,3,1,1,0,0
270000,12,DAVIS CT,565,0,2,DECKER,0,2,1,1,0,0
420000,87,MASON TER,1150,0,3,LOW-RISE,0,4,2,2,0,0
366000,455,WASHINGTON ST,995,0,2,LOW-RISE,0,4,2,1,0,0
760000,44,HARRISON ST,1810,0,1,DECKER,0,7,3,2,0,1
383000,1731,BEACON ST,974,1,2,HIGH-RISE,2,4,1,1,0,1
405000,20,CHAPEL ST,832,0,3,HIGH-RISE,6,4,1,1,1,1
337500,1731,BEACON ST,925,1,12,HIGH-RISE,2,4,1,1,0,1
313000,20,CHAPEL ST,566,0,1,HIGH-RISE,6,4,1,1,0,0
685000,207,MASON TER,2038,0,2,DECKER,0,9,4,2,1,1
356000,15,ASPINWALL AVE,940,0,2,LOW-RISE,0,5,3,1,0,0
1125000,644,HAMMOND ST,2678,0,1,DUPLEX,0,7,3,3,1,2
771000,20,CHAPEL ST,1727,0,4,HIGH-RISE,6,6,2,2,1,2
370000,99,POND AVE,1290,0,2,HIGH-RISE,5,4,2,2,0,1.75
382500,195,ST PAUL ST,958,0,0,LOW-RISE,2,4,2,1,0,0
535000,26,ALTON PL,1369,0,1,LOW-RISE,0,5,2,2,0,1
350000,60,BABCOCK ST,757,0,6,HIGH-RISE,2,4,1,1,0,0
205000,24,JUNIPER ST,638,0,0,LOW-RISE,0,4,1,1,0,0
345000,66,MARSHAL ST,872,0,1,ROW-MIDDLE,0,3,1,1,0,0
153000,1060,BEACON ST,610,1,1,LOW-RISE,0,3,1,1,0,0
707000,219,MASON TER,2036,0,1,DUPLEX,0,9,4,2,0,1
475000,55,RESERVOIR RD,1658,0,3,DECKER,0,7,4,2,0,0
950000,100,ST PAUL ST,1640,0,1,ROW-MIDDLE,1,5,3,2,1,2
349000,74,CHESTNUT ST,900,0,2,DECKER,0,5,2,1,0,0
335000,50,GREEN ST,711,0,3,LOW-RISE,1,3,1,1,0,0
750000,115,SEWALL AVE,2282,0,0,LOW-RISE,0,5,3,2,1,0
174000,150,PLEASANT ST,1063,0,2,MID-RISE,1,4,2,1,1,1
462500,1080,BEACON ST,1086,1,4,MID-RISE,1,3,2,1,0,0
432500,50,WINCHESTER ST,827,0,4,MID-RISE,1,3,1,1,0,1
1200000,115,SEWALL AVE,2483,0,1,LOW-RISE,0,6,4,2,1,1
207500,1253,BEACON ST,499,1,0,LOW-RISE,0,3,1,1,0,0
831000,138,MASON TER,1269,0,1,DECKER,0,5,3,2,1,1
620000,46,REGENT CIR,1923,0,1,CLUSTER-TYPE,0,6,2,2,1,1
390000,275,CYPRESS ST,863,0,3,LOW-RISE,0,4,2,1,0,0
385000,65,GLEN RD,909,0,2,LOW-RISE,1,4,2,1,1,0
500000,231,FREEMAN ST,1005,0,2,LOW-RISE,0,5,2,1,0,0
619500,60,BROWNE ST,1714,0,3,LOW-RISE,0,5,2,2,0,0
600000,29,COLUMBIA ST,1506,0,1,CONVERTED-HOUSE,0,5,2,1,1,2
849000,119,FULLER ST,1242,0,1,DECKER,0,9,4,2,1,1
438000,34,PARKMAN ST,934,0,3,ROW-END,0,4,2,1,0,0
389000,58,DWIGHT ST,923,0,1,LOW-RISE,0,4,2,1,0,0
315000,44,WASHINGTON ST,1005,0,4,HIGH-RISE,5,4,2,2,0,1
838500,1265,BEACON ST,1835,1,9,HIGH-RISE,2,6,3,2,1,2
375000,100,MARION ST,732,0,2,LOW-RISE,1,3,1,1,0,2
1050000,51,ST PAUL ST,1895,0,2,DECKER,1,5,3,3,0,2
379000,1768,BEACON ST,872,1,2,LOW-RISE,1,4,2,1,0,0
327000,50,PARK ST,915,0,1,LOW-RISE,1,3,1,1,0,0
1187500,1160,BEACON ST,2412,1,2,LOW-RISE,1,6,3,2,1,1
345000,60,LONGWOOD AVE,954,0,9,HIGH-RISE,3,3,1,1,1,1
445000,4,LINDEN CT,978,0,3,DECKER,0,5,2,1,0,0
400000,50,GREEN ST,1102,0,2,LOW-RISE,1,4,2,2,0,0
767200,20,CHAPEL ST,1553,0,3,HIGH-RISE,6,5,2,2,1,2
352000,58,PRINCE ST,1017,0,2,DECKER,0,5,2,2,0,0
595000,1514,BEACON ST,1404,1,2,MID-RISE,2,5,2,1,0,0
660000,13,GARRISON RD,1670,0,3,ROW-MIDDLE,0,5,2,2,0,0
468000,17,STEARNS RD,1250,0,1,ROW-MIDDLE,0,4,2,1,0,0
367000,22,GARRISON RD,958,0,3,ROW-MIDDLE,0,5,1,1,0,0
309000,1450,BEACON ST,645,1,8,HIGH-RISE,4,3,1,1,0,0
198000,20,CHAPEL ST,534,0,0,HIGH-RISE,6,4,1,1,0,0
650000,14,EGMONT ST,1886,0,1,ROW-END,0,6,3,2,0,0
452500,15,WELLMAN ST,1345,0,2,LOW-RISE,0,5,3,1,0,0
477000,20,CHAPEL ST,945,0,3,HIGH-RISE,6,5,2,1,0,1
1200000,1160,BEACON ST,2144,1,3,LOW-RISE,1,6,2,2,1,1
425000,35,WHITE PL,905,0,1,DECKER,0,4,2,1,1,0
1270117,76,GREEN ST,2239,0,1,LOW-RISE,2,6,3,2,1,2
740000,629,HAMMOND ST,1636,0,1,LOW-RISE,2,5,2,2,0,2
450000,185,PLEASANT ST,1340,0,2,ROW-END,0,6,3,1,1,1
530000,629,HAMMOND ST,1138,0,4,LOW-RISE,2,4,2,2,0,2
806000,20,CHAPEL ST,1727,0,6,HIGH-RISE,6,6,2,2,1,2
700000,20,CHAPEL ST,1557,0,6,HIGH-RISE,6,5,2,2,0,2
365000,50,LONGWOOD AVE,938,0,7,HIGH-RISE,3,3,1,1,1,1
655000,95,CENTRE ST,1685,0,2,ROW-MIDDLE,0,7,3,2,0,0
708000,67,ST PAUL ST,2281,0,2,CONVERTED-HOUSE,0,7,4,3,0,0
830000,18,ELM ST,2070,0,1,DUPLEX,0,9,4,3,1,0
422500,11,COLBOURNE CRES,1057,0,2,ROW-END,0,4,2,1,0,0
455000,99,MARION ST,1023,0,3,LOW-RISE,0,4,2,1,0,0
502000,76,KENT ST,1206,0,1,LOW-RISE,0,5,2,2,0,2
420000,20,CAMERON ST,1086,0,2,LOW-RISE,0,4,2,2,0,0
541500,1584,BEACON ST,1440,1,3,ROW-MIDDLE,0,6,3,2,0,0
475000,629,HAMMOND ST,1004,0,3,LOW-RISE,2,4,2,2,0,1
445000,194,ST PAUL ST,980,0,2,ROW-END,0,4,2,1,0,0
615000,61,GARDNER RD,1360,0,1,DECKER,0,6,3,2,0,1
1708000,120,SEAVER ST,2646,0,2,LOW-RISE,1,6,2,3,0,2
675000,77,GIBBS ST,1585,0,2,LOW-RISE,0,7,4,2,0,0
174000,150,PLEASANT ST,940,0,1,MID-RISE,1,4,2,1,0,1
232000,23,WESTBOURNE TER,541,0,3,LOW-RISE,0,3,1,1,0,0
550000,629,HAMMOND ST,1175,0,1,LOW-RISE,2,5,2,2,0,1
333000,9,COREY RD,828,0,3,LOW-RISE,1,4,1,1,0,0
770000,20,CHAPEL ST,1727,0,3,HIGH-RISE,6,6,3,2,1,2
705000,20,CHAPEL ST,1553,0,1,HIGH-RISE,6,5,2,2,0,2
811000,20,CHAPEL ST,1727,0,5,HIGH-RISE,6,6,2,2,1,2
325000,50,GREEN ST,742,0,1,LOW-RISE,1,3,1,1,0,0
699900,206,ASPINWALL AVE,1631,0,2,DECKER,0,7,4,2,0,0
575000,24,ALTON PL,1273,0,1,LOW-RISE,0,4,2,2,0,1
655000,12,GIBBS ST,1529,0,1,LOW-RISE,0,6,2,1,0,0
550000,1753,BEACON ST,1852,1,4,ROW-MIDDLE,0,8,3,2,0,0
625000,98,BROOK ST,1244,0,1,DUPLEX,0,5,3,2,0,0
300000,1731,BEACON ST,682,1,4,HIGH-RISE,2,4,1,1,0,1
582000,150,ST PAUL ST,1103,0,3,LOW-RISE,1,4,2,2,1,1
565000,629,HAMMOND ST,1170,0,2,LOW-RISE,2,5,2,2,0,1
550000,108,HARVARD ST,993,0,1,CLUSTER-TYPE,0,4,2,2,0,1
425000,14,JAMES ST,1088,0,1,LOW-RISE,0,4,1,1,0,0
269000,76,EGMONT ST,960,0,0,ROW-END,0,5,1,1,0,0
430000,11,COLBOURNE CRES,1020,0,3,ROW-END,0,4,2,1,0,0
460000,35,WHITE PL,1028,0,3,DECKER,0,4,2,1,1,0
605000,41,CENTRE ST,1277,0,2,LOW-RISE,1,5,2,2,0,0
520000,236,RAWSON RD,2070,0,3,ROW-END,0,7,3,2,0,0
363000,24,PARKMAN ST,672,0,1,LOW-RISE,0,4,1,1,0,1
459000,83,IVY ST,1129,0,1,LOW-RISE,0,5,1,1,1,0
1125000,51,ST PAUL ST,2039,0,2,DECKER,1,5,3,3,0,2
355000,45,MASON TER,786,0,1,LOW-RISE,0,4,1,1,0,0
705000,12,LARKIN RD,1870,0,1,CLUSTER-TYPE,0,8,3,3,1,1
439000,113,CROWNINSHIELD RD,856,0,1,LOW-RISE,0,4,1,1,0,1
303000,1600,BEACON ST,557,1,9,HIGH-RISE,2,2,1,1,0,0
732500,42,REGENT CIR,1907,0,1,CLUSTER-TYPE,0,6,2,2,1,1
449000,22,GARRISON RD,1064,0,2,ROW-MIDDLE,0,5,2,1,0,0
660000,147,SALISBURY RD,1823,0,1,CONVERTED-HOUSE,0,5,2,2,0,0
535000,465,WASHINGTON ST,1250,0,2,LOW-RISE,0,6,3,1,0,0
460000,45,LONGWOOD AVE,1271,0,2,MID-RISE,2,4,2,2,0,0
399000,107,CROWNINSHIELD RD,853,0,1,LOW-RISE,0,3,1,1,0,1
388000,176,NAPLES RD,920,0,2,LOW-RISE,0,4,2,1,0,0
320000,20,CHAPEL ST,897,0,0,HIGH-RISE,6,5,2,1,0,0
859000,659,WASHINGTON ST,2157,0,1,DUPLEX,0,10,5,3,1,2
980000,50,CLARK RD,2698,0,1,DUPLEX,0,8,4,4,0,2
120151,108,ST PAUL ST,1100,0,0,LOW-RISE,0,4,2,1,0,0
282500,33,POND AVE,870,0,2,HIGH-RISE,5,3,1,1,0,1
531000,20,CHAPEL ST,1141,0,2,HIGH-RISE,6,5,2,2,0,1
314000,20,CHAPEL ST,566,0,3,HIGH-RISE,6,4,1,1,0,0
605000,629,HAMMOND ST,1301,0,3,LOW-RISE,2,4,2,2,0,2
271000,20,CHAPEL ST,732,0,0,HIGH-RISE,6,4,1,1,0,0
511500,629,HAMMOND ST,1164,0,2,LOW-RISE,2,4,2,2,0,1
569000,78,CYPRESS ST,1429,0,1,DUPLEX,0,7,3,2,0,0
849000,123,WALNUT ST,2216,0,2,DUPLEX,0,5,3,2,1,0
1140416,227,SUMMIT AVE,1957,0,4,LOW-RISE,2,6,3,2,1,1
455000,86,GRIGGS RD,1157,0,3,LOW-RISE,0,5,2,2,0,0
528000,20,CHAPEL ST,945,0,1,HIGH-RISE,6,5,2,1,0,1
165000,183,FULLER ST,159,0,3,DECKER,0,1,1,0,0,0
412000,106,SEWALL AVE,1047,0,1,LOW-RISE,0,4,2,1,0,0
450000,1756,BEACON ST,1654,1,3,ROW-MIDDLE,0,4,2,1,0,0
270000,131,SEWALL AVE,717,0,4,MID-RISE,2,3,1,1,0,0
740000,70,PARK ST,2002,0,7,HIGH-RISE,4,6,3,2,0,1
176500,41,PARK ST,453,0,4,LOW-RISE,1,1,1,1,0,0
1200000,75,FRANCIS ST,2922,0,1,DECKER,0,8,3,3,0,2
600000,1265,BEACON ST,1382,1,4,HIGH-RISE,2,5,2,2,0,1
192000,32,WINCHESTER ST,410,0,1,LOW-RISE,0,3,1,1,0,0
428000,405,WASHINGTON ST,1130,0,3,LOW-RISE,0,4,2,1,0,0
201200,33,POND AVE,725,0,4,HIGH-RISE,5,3,1,1,0,1
594000,185,RAWSON RD,1506,0,3,DECKER,0,6,3,1,1,0
849000,103,CROWNINSHIELD RD,1694,0,2,LOW-RISE,0,5,3,2,1,2
416000,26,HOLLY LN,1016,0,2,LOW-RISE,1,4,2,1,1,1
643000,83,PLEASANT ST,1738,0,3,ROW-MIDDLE,0,6,3,1,1,0
324000,1450,BEACON ST,676,1,4,HIGH-RISE,4,3,1,1,0,0
496500,51,JOHN ST,1131,0,4,LOW-RISE,1,4,2,2,0,0
355000,1064,BEACON ST,650,1,4,LOW-RISE,0,3,1,1,0,0
215000,44,WASHINGTON ST,500,0,9,HIGH-RISE,5,2,1,1,0,1
629000,128,DAVIS AVE,1897,0,1,DECKER,0,7,3,1,1,0
572500,33,STANTON RD,1345,0,3,DECKER,0,7,3,2,0,0
602000,183,BABCOCK ST,1530,0,1,ROW-MIDDLE,0,6,2,2,0,0
453000,14,JAMES ST,1060,0,2,LOW-RISE,0,4,2,1,0,0
520000,20,CHAPEL ST,1141,0,1,HIGH-RISE,6,5,2,2,0,1
415000,1080,BEACON ST,1046,1,3,MID-RISE,1,4,1,1,0,0
469000,313,TAPPAN ST,1142,0,1,LOW-RISE,0,5,2,2,0,0
750000,64,UNIVERSITY RD,1850,0,1,CONVERTED-HOUSE,0,7,3,2,1,0
333500,340,TAPPAN ST,830,0,2,ROW-MIDDLE,0,3,1,1,0,0
315000,99,POND AVE,900,0,3,HIGH-RISE,5,4,2,2,0,1.75
505500,28,STANTON RD,1140,0,3,LOW-RISE,0,6,3,1,1,0
995000,20,CHAPEL ST,2463,0,5,HIGH-RISE,6,6,3,3,0,2
1280000,115,SEWALL AVE,2556,0,3,LOW-RISE,0,6,4,2,1,1
454000,11,WAVERLY ST,1015,0,3,CONVERTED-HOUSE,0,4,1,1,0,0
235000,50,GREEN ST,405,0,3,LOW-RISE,1,1,1,1,0,0
192500,22,CHESTNUT PL,452,0,4,MID-RISE,2,2,1,1,0,0
363000,20,CHAPEL ST,764,0,2,HIGH-RISE,6,4,1,1,0,1
334500,31,WESTBOURNE TER,896,0,2,ROW-END,0,4,1,1,0,0
760000,12,KENT SQ,2103,0,2,CONVERTED-HOUSE,0,6,3,2,0,0
645000,32,MILTON RD,2087,0,1,DECKER,0,7,4,2,0,0
660000,23,THAYER ST,2102,0,1,DUPLEX,0,9,6,2,1,0
1250000,115,SEWALL AVE,2552,0,3,LOW-RISE,0,6,4,2,1,1
487000,20,CHAPEL ST,945,0,4,HIGH-RISE,6,5,2,1,0,1
879000,131,GARDNER RD,2281,0,1,DECKER,0,8,3,2,0,1
122645,24,JUNIPER ST,638,0,2,LOW-RISE,0,4,1,1,0,0
245000,38,JUNIPER ST,822,0,2,LOW-RISE,0,5,2,1,0,0
899000,28,MANCHESTER RD,2711,0,2,DECKER,0,8,3,2,0,1
590000,20,CHAPEL ST,1176,0,3,HIGH-RISE,6,5,2,2,0,1
490000,112,BROWNE ST,990,0,3,DECKER,0,5,2,1,0,0
295000,22,CHESTNUT PL,828,0,6,MID-RISE,2,3,1,1,1,0
986912,76,GREEN ST,1591,0,3,LOW-RISE,2,5,3,2,1,2
680040,20,CHAPEL ST,1533,0,8,HIGH-RISE,6,6,2,2,0,1
435000,36,SUMMIT AVE,1143,0,3,LOW-RISE,0,6,3,1,0,0
397500,741,HEATH ST,1102,0,2,DECKER,0,5,3,1,1,0
435000,741,HEATH ST,1191,0,3,DECKER,0,5,3,1,1,0
305000,55,THATCHER ST,656,0,1,ROW-END,0,4,2,1,0,0
615000,49,BEALS ST,1290,0,1,CONVERTED-HOUSE,0,5,2,2,0,0
359000,19,SHORT ST,800,0,3,LOW-RISE,0,4,2,1,0,0
375000,1731,BEACON ST,947,1,14,HIGH-RISE,2,4,1,1,0,1
207500,75,BOYLSTON ST,1423,0,1,LOW-RISE,0,4,3,2,0,0
174000,150,PLEASANT ST,1021,0,5,MID-RISE,1,4,2,1,0,1
710000,1824,BEACON ST,1558,1,3,ROW-END,0,6,3,2,0,0
795000,48,HARRIS ST,2100,0,1,DUPLEX,0,9,4,1,2,0
529000,20,CHAPEL ST,1141,0,4,HIGH-RISE,6,5,2,2,0,1
325000,60,LONGWOOD AVE,793,0,8,HIGH-RISE,3,3,1,1,0,1
848888,109,DAVIS AVE,2202,0,3,CONVERTED-HOUSE,0,8,4,2,0,2
469000,1243,BEACON ST,1040,1,2,MID-RISE,2,6,2,2,0,1
425000,41,KENT ST,890,0,1,DECKER,0,4,2,2,0,0
450000,126,CHESTNUT ST,1332,0,3,DECKER,0,6,4,1,0,0
725000,82,FULLER ST,1890,0,1,ROW-END,0,6,3,2,0,0
280000,99,POND AVE,880,0,2,HIGH-RISE,5,3,1,1,0,1
1262675,74,GREEN ST,2198,0,1,LOW-RISE,2,6,3,2,1,3
260000,42,DEAN RD,485,0,2,LOW-RISE,0,3,1,1,0,0
415000,133,WESTBOURNE TER,1067,0,3,DECKER,0,6,2,1,0,0
1253653,201,FREEMAN ST,2514,0,1,OTHER,0,5,3,2,1,2
270000,33,POND AVE,725,0,9,HIGH-RISE,5,3,1,1,0,1
488000,15,WELLMAN ST,1478,0,3,LOW-RISE,0,6,4,1,0,0
295000,128,BEACONSFIELD RD,615,0,3,LOW-RISE,0,3,1,1,0,0
400000,551,BROOKLINE AVE,1246,0,3,LOW-RISE,0,6,3,1,0,0
350000,1496,BEACON ST,924,1,3,LOW-RISE,0,4,1,1,0,0
640000,27,JAMES ST,1600,0,3,LOW-RISE,0,6,3,2,0,0
410000,208,FULLER ST,1183,0,3,LOW-RISE,0,5,2,1,0,0
410000,117,CROWNINSHIELD RD,898,0,1,LOW-RISE,0,3,1,1,0,1
1225000,51,ST PAUL ST,2003,0,3,DECKER,1,5,3,3,0,2
423000,50,WHITE PL,1099,0,1,LOW-RISE,0,3,1,2,0,1
307000,1742,BEACON ST,568,1,2,ROW-END,0,3,1,1,0,0
490000,51,HARVARD AVE,1173,0,2,LOW-RISE,0,5,2,1,0,1
330000,28,ST PAUL ST,715,0,3,LOW-RISE,0,4,2,1,0,0
540000,15,WELLMAN ST,1478,0,4,LOW-RISE,0,6,3,1,0,0
605000,20,CHAPEL ST,1172,0,6,HIGH-RISE,6,5,2,2,0,1
399000,36,DWIGHT ST,964,0,2,LOW-RISE,0,5,2,1,0,0
475000,45,LONGWOOD AVE,1134,0,3,MID-RISE,2,4,2,2,0,1
735000,62,PLEASANT ST,1854,0,1,ROW-END,0,8,2,2,0,0
340000,1450,BEACON ST,968,1,8,HIGH-RISE,4,4,2,1,0,0
2350000,120,SEAVER ST,2510,0,1,MID-RISE,3,7,3,3,0,1
359000,1064,BEACON ST,600,1,1,LOW-RISE,0,3,1,1,0,0
337000,1080,BEACON ST,756,1,3,MID-RISE,1,3,1,1,0,0
625000,5,PARK ST,1649,0,3,LOW-RISE,0,6,3,2,0,0
360000,34,PARKMAN ST,721,0,3,ROW-END,0,3,1,1,0,0
307000,20,CHAPEL ST,866,0,0,HIGH-RISE,6,4,1,1,0,0
955000,20,CHAPEL ST,2463,0,3,HIGH-RISE,6,8,3,4,0,1
180000,1253,BEACON ST,308,1,3,LOW-RISE,0,2,0,1,0,0
366500,1064,BEACON ST,900,1,3,LOW-RISE,0,4,2,1,0,0
209000,514,HARVARD ST,669,0,1,LOW-RISE,0,3,1,1,0,0
259000,33,POND AVE,870,0,3,HIGH-RISE,5,3,1,1,0,0
540000,1600,BEACON ST,959,1,5,HIGH-RISE,2,4,2,2,0,1
245000,35,HARVARD ST,571,0,3,LOW-RISE,0,3,1,1,0,0
278596,33,POND AVE,870,0,8,HIGH-RISE,5,3,1,1,0,0
850000,74,GREEN ST,1397,0,3,LOW-RISE,2,4,2,2,0,2
625000,28,MANCHESTER RD,1496,0,1,DECKER,0,7,2,1,1,1
528000,17,STRATHMORE RD,1210,0,1,ROW-MIDDLE,0,5,2,1,0,0
356300,19,ENGLEWOOD AVE,792,0,1,LOW-RISE,0,5,2,1,0,0
145000,150,PLEASANT ST,697,0,3,MID-RISE,1,3,1,1,0,1
419000,121,LONGWOOD AVE,820,0,4,LOW-RISE,1,5,1,2,0,0
285000,23,ENGLEWOOD AVE,792,0,3,LOW-RISE,0,5,2,1,0,0
515000,92,MARION ST,1438,0,2,LOW-RISE,0,5,2,2,0,0
320000,22,PERRY ST,720,0,2,ROW-END,0,4,2,1,0,0
485000,143,LONGWOOD AVE,1300,0,3,ROW-MIDDLE,0,6,2,1,0,0
565000,20,EGMONT ST,1814,0,1,ROW-MIDDLE,0,6,3,2,0,0
275000,119,PARK ST,605,0,1,LOW-RISE,0,3,1,1,0,0
1105000,40,DAVIS AVE,3369,0,1,DUPLEX,0,9,5,3,0,0
203000,20,CHAPEL ST,549,0,0,HIGH-RISE,6,4,1,1,0,0
285000,77,POND AVE,860,0,4,HIGH-RISE,5,3,1,1,0,1
321000,22,PERRY ST,720,0,3,ROW-END,0,4,2,1,0,0
408000,30,STANTON RD,1139,0,1,LOW-RISE,0,6,3,1,0,0
522000,20,CHAPEL ST,1176,0,1,HIGH-RISE,6,5,2,1,0,1
521000,185,PLEASANT ST,1230,0,2,ROW-END,0,5,2,1,1,1
145000,150,PLEASANT ST,696,0,5,MID-RISE,1,3,1,1,0,1
565000,51,JOHN ST,1173,0,2,LOW-RISE,1,4,2,2,0,0
399000,105,CROWNINSHIELD RD,795,0,1,LOW-RISE,0,3,1,1,0,1
297000,99,POND AVE,870,0,5,HIGH-RISE,5,3,1,1,0,1
1035000,20,CHAPEL ST,2458,0,6,HIGH-RISE,6,8,4,3,1,2
349000,33,POND AVE,1300,0,10,HIGH-RISE,5,4,2,2,0,1
355000,1731,BEACON ST,925,1,2,HIGH-RISE,2,4,1,1,0,1
415500,92,WINTHROP RD,1185,0,3,ROW-END,0,5,2,1,0,0
515000,12,WELLMAN ST,1513,0,3,ROW-MIDDLE,0,5,2,1,0,0
297000,77,POND AVE,860,0,5,HIGH-RISE,5,3,1,1,0,1.75
595000,54,STEARNS RD,1567,0,3,ROW-END,0,5,3,2,0,0
492500,233,FREEMAN ST,1006,0,2,LOW-RISE,0,5,2,1,0,0
714500,36,ATHERTON RD,1840,0,1,DECKER,0,6,4,2,0,1
415000,319,TAPPAN ST,1134,0,1,LOW-RISE,0,5,2,2,0,0
350000,19,WINCHESTER ST,684,0,8,HIGH-RISE,2,4,1,1,0,0
442500,159,ST PAUL ST,1104,0,2,LOW-RISE,0,4,2,2,0,0
174000,150,PLEASANT ST,1060,0,4,MID-RISE,1,4,2,1,1,1
491500,83,IVY ST,1290,0,2,LOW-RISE,0,5,2,2,0,0
720000,20,CHAPEL ST,1567,0,8,HIGH-RISE,6,5,2,2,0,2
174000,150,PLEASANT ST,1030,0,4,MID-RISE,1,4,2,1,0,1
720000,629,HAMMOND ST,1505,0,1,LOW-RISE,2,5,2,2,0,1
559100,50,WINCHESTER ST,1256,0,1,MID-RISE,1,4,2,2,0,1
472000,108,ST PAUL ST,1100,0,1,LOW-RISE,0,5,2,1,0,0
423000,1064,BEACON ST,875,1,2,LOW-RISE,0,4,2,1,0,0
174000,150,PLEASANT ST,1056,0,3,MID-RISE,1,4,2,1,1,1
440000,1857,BEACON ST,1192,1,0,ROW-MIDDLE,0,4,2,2,0,0
1300000,115,SEWALL AVE,2554,0,2,LOW-RISE,0,6,4,2,1,2
395000,1450,BEACON ST,902,1,4,HIGH-RISE,4,4,2,1,0,0
899000,100,ST PAUL ST,1648,0,1,ROW-MIDDLE,1,5,3,2,1,2
675000,132,SEWALL AVE,1873,0,2,ROW-MIDDLE,0,6,3,2,0,1
363000,135,PLEASANT ST,853,0,4,MID-RISE,1,4,1,1,1,1
710000,14,EGMONT ST,1957,0,3,ROW-END,0,6,3,2,0,0
820000,74,GREEN ST,1344,0,2,LOW-RISE,2,4,2,2,0,2
964000,195,ST PAUL ST,2660,0,3,LOW-RISE,2,8,3,3,0,0
170000,1834,BEACON ST,630,1,0,LOW-RISE,0,3,1,1,0,0
468000,45,LONGWOOD AVE,1161,0,6,MID-RISE,2,4,2,2,0,0
417742,84,PLEASANT ST,1246,0,1,ROW-END,0,5,2,1,0,0
250500,130,LONGWOOD AVE,550,0,0,ROW-END,0,2,1,1,0,0
1200000,115,SEWALL AVE,2485,0,1,LOW-RISE,0,6,4,2,1,1
425000,62,CYPRESS ST,1230,0,2,DECKER,0,4,2,1,0,0
455000,51,HARVARD AVE,1104,0,1,LOW-RISE,0,5,2,1,0,0
420000,33,POND AVE,1260,0,6,HIGH-RISE,5,4,2,2,0,1
447000,6,PARKWAY RD,1234,0,1,LOW-RISE,0,6,2,1,0,0
249000,33,POND AVE,725,0,11,HIGH-RISE,5,3,1,1,0,0
560000,218,FREEMAN ST,1560,0,2,DECKER,0,5,2,2,0,0
770000,255,CYPRESS ST,2398,0,1,CLUSTER-TYPE,0,6,2,3,1,1
280000,41,PARK ST,842,0,2,LOW-RISE,1,3,1,1,0,0
419100,1600,BEACON ST,750,1,4,HIGH-RISE,2,3,1,1,0,1
768120,150,ST PAUL ST,1384,0,1,LOW-RISE,1,5,2,2,0,2
546000,20,CHAPEL ST,1141,0,7,HIGH-RISE,6,5,2,2,0,1
285000,99,POND AVE,870,0,4,HIGH-RISE,5,3,1,1,0,1
699000,6,BENJAMIN PL,2194,0,1,CLUSTER-TYPE,0,7,3,2,1,1
523000,25,GREEN ST,1488,0,1,ROW-MIDDLE,0,6,2,2,0,0
849000,123,WALNUT ST,2291,0,1,DUPLEX,0,7,3,2,1,0
223000,41,PARK ST,792,0,2,LOW-RISE,1,3,1,1,0,0
576500,110,CYPRESS ST,1345,0,2,LOW-RISE,1,5,2,2,0,2
365000,227,SUMMIT AVE,804,0,1,LOW-RISE,1,4,1,1,0,0
609000,2,ST PAUL ST,1304,0,4,MID-RISE,2,4,2,2,0,0
122645,24,JUNIPER ST,638,0,3,LOW-RISE,0,4,1,1,0,0
176000,70,PARK ST,346,0,1,HIGH-RISE,4,1,1,1,0,0
605000,629,HAMMOND ST,1345,0,1,LOW-RISE,2,5,2,2,0,1
405000,70,PARK ST,1164,0,7,HIGH-RISE,4,4,2,1,0,1
553000,10,BRADFORD TER,1263,0,1,LOW-RISE,0,6,3,1,1,0
1240000,51,ST PAUL ST,1991,0,3,DECKER,1,5,3,3,0,2
390000,55,SEWALL AVE,865,0,2,MID-RISE,1,4,2,1,1,1
1019850,551,BOYLSTON ST,2128,0,1,CLUSTER-TYPE,0,6,2,2,1,2
300000,39,PRINCE ST,772,0,3,DECKER,0,4,2,1,0,1
280000,334,TAPPAN ST,806,0,2,ROW-MIDDLE,0,4,2,2,0,0
541000,20,CHAPEL ST,1176,0,2,HIGH-RISE,6,6,3,2,0,1
435000,231,RAWSON RD,947,0,3,ROW-MIDDLE,0,4,2,1,0,0
241313,32,WINCHESTER ST,660,0,1,LOW-RISE,0,3,1,1,0,0
732000,20,CHAPEL ST,1559,0,2,HIGH-RISE,6,5,2,2,0,2
348000,67,PARK ST,799,0,2,LOW-RISE,0,4,1,1,0,0
595000,133,COOLIDGE ST,1260,0,1,DECKER,0,7,2,2,0,0
750000,11,MARION TER,1937,0,1,CLUSTER-TYPE,0,7,3,2,1,1
675000,54,LAWTON ST,1579,0,1,DECKER,0,6,3,2,0,1
709000,17,GIBBS ST,2024,0,3,ROW-MIDDLE,0,8,3,2,0,0
289000,20,CHAPEL ST,779,0,0,HIGH-RISE,6,4,1,1,0,0
312300,257,WALNUT ST,1000,0,3,DECKER,0,5,2,1,0,0
425000,231,RAWSON RD,963,0,2,ROW-MIDDLE,0,4,2,1,0,0
452000,23,NETHERLANDS RD,1120,0,3,ROW-MIDDLE,0,6,3,1,0,0
488000,64,LINDEN ST,1421,0,1,DECKER,0,6,3,1,0,0
395000,1731,BEACON ST,974,1,13,HIGH-RISE,2,4,1,1,0,1
1015000,17,JAMES ST,2300,0,1,LOW-RISE,0,8,4,2,0,0
253000,20,CHAPEL ST,564,0,4,HIGH-RISE,6,3,1,1,0,0
1965000,201,FREEMAN ST,4163,0,1,OTHER,0,9,3,3,1,2
655000,80,PARK ST,2002,0,7,HIGH-RISE,4,6,3,2,0,1
275000,20,CHAPEL ST,783,0,0,HIGH-RISE,6,4,1,1,0,0
555000,20,CHAPEL ST,1132,0,6,HIGH-RISE,6,5,2,2,0,1
306000,47,MASON TER,712,0,3,LOW-RISE,0,4,1,1,0,0
352000,16,RICE ST,976,0,2,DECKER,0,6,3,1,0,0
655000,20,CHAPEL ST,1511,0,8,HIGH-RISE,6,4,2,2,0,1
665000,64,REGENT CIR,1909,0,1,CLUSTER-TYPE,0,6,2,2,1,1
545000,97,MASON TER,1540,0,3,LOW-RISE,0,5,2,1,0,0
1380000,39,WAVERLY ST,2730,0,1,CONVERTED-HOUSE,0,8,5,2,1,1
433000,99,MARION ST,918,0,3,LOW-RISE,0,4,2,1,0,0
322500,7,FRANKLIN ST,981,0,2,DECKER,0,6,3,1,0,0
681000,31,BOWKER ST,1750,0,2,DECKER,0,6,3,1,0,1
291500,205,KENT ST,684,0,4,LOW-RISE,2,3,1,1,0,0
377000,20,CHAPEL ST,791,0,2,HIGH-RISE,6,4,1,1,0,1
1100000,20,CHAPEL ST,2462,0,5,HIGH-RISE,6,8,4,4,0,2
375000,85,GLEN RD,1820,0,2,LOW-RISE,0,5,3,3,0,1
734000,20,CHAPEL ST,1515,0,6,HIGH-RISE,6,5,2,2,0,2
378000,1600,BEACON ST,748,1,6,HIGH-RISE,2,3,1,1,0,0
485000,12,GREENOUGH ST,1195,0,1,DECKER,0,5,2,1,0,1
348000,1575,BEACON ST,719,1,2,ROW-END,0,3,1,1,0,0
245000,12,DAVIS CT,568,0,2,DECKER,0,2,1,1,0,0
449000,77,POND AVE,1565,0,5,HIGH-RISE,5,5,2,2,0,1
360000,100,MARION ST,650,0,2,LOW-RISE,1,3,1,1,0,0
634900,112,SUMMIT AVE,1441,0,1,DECKER,0,7,3,1,1,1
340000,1731,BEACON ST,691,1,2,HIGH-RISE,2,4,1,1,0,1
399000,20,CHAPEL ST,764,0,5,HIGH-RISE,6,3,1,1,0,1
512000,65,PARK ST,1092,0,2,LOW-RISE,0,5,2,2,0,0
396000,34,GARRISON RD,840,0,1,ROW-END,0,4,1,1,0,0
415500,21,WARWICK RD,953,0,3,LOW-RISE,0,4,2,1,0,0
279000,1731,BEACON ST,947,1,2,HIGH-RISE,2,4,1,1,0,1
323000,10,JUNIPER ST,939,0,1,LOW-RISE,0,5,3,1,0,0
191000,20,CHAPEL ST,945,0,1,HIGH-RISE,6,5,2,1,0,1
642000,124,WINTHROP RD,1108,0,2,CONVERTED-HOUSE,0,5,2,2,1,1
335000,77,POND AVE,1265,0,3,HIGH-RISE,5,4,2,2,0,1
523750,15,FAIRBANKS ST,1165,0,1,CONVERTED-HOUSE,0,5,2,1,0,0
430000,99,CROWNINSHIELD RD,853,0,1,LOW-RISE,0,3,1,1,0,1
420000,9,PARK VALE,1299,0,1,LOW-RISE,0,5,3,2,0,0
393500,10,LANARK RD,1114,0,2,LOW-RISE,0,6,3,1,0,0
775000,1083,BEACON ST,1672,1,1,ROW-MIDDLE,0,6,3,2,1,0
405000,5,IRVING ST,1289,0,2,DECKER,0,5,2,1,1,0
549000,21,SEARLE AVE,1215,0,2,DECKER,0,6,3,1,0,0
507000,76,PARKMAN ST,1162,0,1,ROW-MIDDLE,0,6,2,1,0,0
650000,30,LONGWOOD AVE,1289,0,2,LOW-RISE,0,4,2,2,0,1
740000,1272,BEACON ST,2572,1,4,LOW-RISE,1,8,4,3,0,0
595000,50,WINCHESTER ST,1435,0,1,MID-RISE,1,6,3,2,0,1
840000,76,GREEN ST,1398,0,3,LOW-RISE,2,4,2,2,0,0
400000,51,GORHAM AVE,1210,0,1,LOW-RISE,0,6,2,1,0,0
631000,56,DWIGHT ST,1181,0,3,LOW-RISE,0,5,3,2,0,0
445000,131,SEWALL AVE,1312,0,4,MID-RISE,2,4,2,2,0,0
433000,20,CHAPEL ST,832,0,2,HIGH-RISE,6,4,1,4,0,1
653750,72,WALNUT ST,1600,0,1,LOW-RISE,0,6,3,2,1,0
463500,53,ACKERS AVE,1778,0,2,DECKER,0,6,4,2,0,0
525000,33,POND AVE,1780,0,12,HIGH-RISE,5,5,2,2,1,1.75
635000,4,BRADFORD TER,1604,0,2,LOW-RISE,0,6,3,1,1,0
949000,45,NAPLES RD,2125,0,1,DUPLEX,0,6,4,3,1,2
303000,34,WINCHESTER ST,778,0,3,LOW-RISE,0,3,1,1,0,0
1025000,70,PARK ST,2448,0,8,HIGH-RISE,4,6,3,3,0,1
355000,20,CHAPEL ST,1178,0,0,HIGH-RISE,6,5,2,1,0,0
392000,10,BRADFORD TER,1060,0,0,LOW-RISE,0,4,2,2,0,0
562500,629,HAMMOND ST,1168,0,3,LOW-RISE,2,5,2,2,0,1
504500,30,GIBBS ST,1121,0,3,LOW-RISE,0,4,1,1,0,0
570000,366,TAPPAN ST,1273,0,0,ROW-END,0,4,2,2,0,0
992818,74,GREEN ST,1589,0,3,LOW-RISE,2,5,3,2,1,2
720000,120,AMORY ST,1715,0,3,ROW-MIDDLE,0,8,3,2,0,0
480000,11,COLBOURNE CRES,1063,0,1,ROW-END,0,5,1,2,0,0
247500,33,WINSLOW RD,880,0,0,LOW-RISE,0,4,2,1,0,0
295000,128,BEACONSFIELD RD,615,0,1,LOW-RISE,0,3,1,1,0,0
420000,42,BROWNE ST,1107,0,3,LOW-RISE,0,6,2,1,0,0
360000,1407,BEACON ST,927,1,1,ROW-MIDDLE,0,3,1,1,0,0
750000,36,CLAFLIN RD,1611,0,2,ROW-END,0,6,3,2,0,0
430000,137,FREEMAN ST,958,0,2,ROW-END,0,4,2,1,0,1
421250,94,GRIGGS RD,1174,0,3,LOW-RISE,0,5,2,2,0,0
689500,323,ST PAUL ST,1596,0,3,ROW-MIDDLE,0,6,3,2,0,0
650000,50,LONGWOOD AVE,1187,0,3,HIGH-RISE,3,4,2,2,0,1
740000,259,CYPRESS ST,2398,0,1,CLUSTER-TYPE,0,6,2,3,1,1
282646,55,THATCHER ST,577,0,1,ROW-END,0,3,1,1,0,0
435000,14,BERKELEY CT,1000,0,2,DECKER,0,5,2,1,0,1
401000,20,CHAPEL ST,832,0,1,HIGH-RISE,6,4,1,1,1,1
174000,150,PLEASANT ST,1026,0,3,MID-RISE,1,4,2,1,0,1
720000,629,HAMMOND ST,1330,0,4,LOW-RISE,2,4,2,2,0,2
362500,40,BROWNE ST,818,0,2,LOW-RISE,0,5,1,1,0,0
402000,65,GLEN RD,1257,0,2,LOW-RISE,1,4,2,1,0,0
352000,1731,BEACON ST,925,1,1,HIGH-RISE,2,4,1,1,0,1
902750,31,WINTHROP RD,3085,0,2,CONVERTED-HOUSE,0,9,4,3,0,1
213000,44,WASHINGTON ST,500,0,8,HIGH-RISE,5,2,1,1,0,0
587500,14,EGMONT ST,1885,0,2,ROW-END,0,6,3,1,1,0
187500,44,WASHINGTON ST,500,0,11,HIGH-RISE,5,2,1,1,0,0
517500,47,HARVARD AVE,1284,0,3,LOW-RISE,0,5,2,2,0,1
970480,76,GREEN ST,1557,0,2,LOW-RISE,2,5,3,2,1,2
470000,1488,BEACON ST,1074,1,2,LOW-RISE,0,6,2,1,0,0
194861,20,CHAPEL ST,1176,0,0,HIGH-RISE,6,5,2,2,0,1
368000,24,SUMMIT AVE,906,0,1,LOW-RISE,0,5,2,1,0,0
485000,145,BABCOCK ST,1034,0,2,LOW-RISE,0,5,2,1,1,0
508000,45,HARVARD AVE,1195,0,1,LOW-RISE,0,5,2,2,0,2
285000,20,CHAPEL ST,751,0,0,HIGH-RISE,6,4,1,1,0,0
377000,81,FRANCIS ST,1120,0,3,LOW-RISE,0,6,2,1,0,0
639000,50,STANTON RD,1592,0,1,CONVERTED-HOUSE,0,5,2,2,1,1
640000,206,ASPINWALL AVE,850,0,1,DECKER,0,7,3,2,0,0
310000,20,CHAPEL ST,781,0,0,HIGH-RISE,6,4,1,1,0,0
670000,30,CUMBERLAND AVE,1237,0,1,LOW-RISE,1,4,2,2,0,0
283000,33,POND AVE,735,0,6,HIGH-RISE,5,3,1,1,0,1
1054000,42,DAVIS AVE,2048,0,1,DUPLEX,0,7,3,3,1,0
341500,31,WESTBOURNE TER,798,0,1,ROW-END,0,4,2,1,0,0
267000,15,UNIVERSITY RD,472,0,3,ROW-MIDDLE,1,3,1,1,0,0
327000,15,FRANCIS ST,670,0,1,LOW-RISE,1,3,1,1,0,0
540000,123,BEACONSFIELD RD,1506,0,1,CLUSTER-TYPE,0,6,2,1,1,1
770000,115,SEWALL AVE,2258,0,0,LOW-RISE,0,5,3,2,1,0
1365000,40,UNIVERSITY RD,2965,0,2,DECKER,0,6,3,3,1,0
1050000,751,WASHINGTON ST,3324,0,1,DECKER,0,7,4,2,1,2
349000,12,JAMES ST,917,0,1,LOW-RISE,0,4,1,1,0,0
475000,89,ST PAUL ST,1139,0,3,DECKER,0,4,2,2,0,0
868000,101,CROWNINSHIELD RD,1749,0,2,LOW-RISE,0,5,3,2,1,2
265000,119,WINTHROP RD,790,0,0,LOW-RISE,0,4,1,1,0,0
313000,16,HENRY ST,890,0,1,DECKER,0,5,2,2,0,0
630000,37,ENGLEWOOD AVE,1814,0,1,LOW-RISE,0,6,3,2,0,0
458000,20,CHAPEL ST,992,0,1,HIGH-RISE,6,5,2,1,0,1
561000,26,ALTON PL,1273,0,1,LOW-RISE,0,5,2,2,0,1
221000,20,CHAPEL ST,650,0,0,HIGH-RISE,6,4,1,1,0,1
499900,9,BERKELEY CT,1072,0,1,DECKER,0,7,3,2,0,1
337500,25,WESTBOURNE TER,748,0,3,LOW-RISE,0,4,2,1,0,0
300000,77,POND AVE,1260,0,7,HIGH-RISE,5,4,2,2,0,1
195000,44,WASHINGTON ST,500,0,4,HIGH-RISE,5,2,1,1,0,0
350000,20,CHAPEL ST,815,0,5,HIGH-RISE,6,4,1,1,0,0
305000,128,CHESTNUT ST,753,0,1,DECKER,0,4,2,1,0,0
730000,5,FULLER ST,2042,0,1,ROW-END,0,8,4,2,0,0
1105000,99,WINCHESTER ST,1866,0,1,LOW-RISE,1,5,3,2,1,2
550000,77,POND AVE,1570,0,2,HIGH-RISE,5,5,2,2,0,1
538000,29,GREEN ST,1381,0,1,ROW-MIDDLE,0,6,3,1,0,0
1170000,20,CHAPEL ST,2411,0,8,HIGH-RISE,6,7,3,3,1,2
636000,20,EGMONT ST,1885,0,3,ROW-MIDDLE,0,6,3,2,0,0
2000000,120,SEAVER ST,3344,0,2,LOW-RISE,1,7,2,2,1,2
459000,30,STANTON RD,1148,0,2,LOW-RISE,0,6,2,1,0,0
263000,798,HEATH ST,935,0,0,CONVERTED-HOUSE,0,4,2,1,0,0
407500,86,GRIGGS RD,1158,0,4,LOW-RISE,0,5,2,2,0,0
315000,47,MASON TER,698,0,2,LOW-RISE,0,3,1,1,0,0
310000,20,CHAPEL ST,931,0,0,HIGH-RISE,6,5,2,1,0,0
265000,1807,BEACON ST,578,1,1,ROW-MIDDLE,0,3,1,1,0,0
462000,125,PLEASANT ST,1085,0,4,MID-RISE,1,6,2,2,0,1
347000,5,FAIRBANKS ST,926,0,3,CONVERTED-HOUSE,0,4,2,1,0,0
368000,20,CHAPEL ST,747,0,5,HIGH-RISE,6,4,1,1,0,1
370000,61,PRINCE ST,927,0,2,DECKER,0,5,2,1,0,0
400000,13,LINDEN ST,987,0,2,LOW-RISE,0,5,2,1,0,0
1265000,115,SEWALL AVE,2553,0,2,LOW-RISE,0,6,4,2,1,1
530000,41,KENT ST,1333,0,2,DECKER,0,5,3,2,0,0
465000,99,POND AVE,1590,0,5,HIGH-RISE,5,6,3,2,0,1.75
415000,35,WHITE PL,915,0,2,DECKER,0,4,2,1,1,0
769300,76,SEWALL AVE,1467,0,1,CONVERTED-HOUSE,0,5,2,2,1,2
759000,36,CLAFLIN RD,1628,0,3,ROW-END,0,6,3,2,0,0
174000,150,PLEASANT ST,1046,0,5,MID-RISE,1,4,2,1,1,1
468000,20,CHAPEL ST,992,0,4,HIGH-RISE,6,5,2,1,0,1
116673,24,JUNIPER ST,638,0,0,LOW-RISE,0,4,1,1,0,0
480000,135,PLEASANT ST,1115,0,4,MID-RISE,1,6,2,2,0,1
116673,24,JUNIPER ST,638,0,2,LOW-RISE,0,4,1,1,0,0
439000,64,CYPRESS ST,1230,0,2,DECKER,0,5,2,1,1,0
576000,84,PLEASANT ST,1416,0,3,ROW-END,0,6,3,1,1,0
420000,131,FREEMAN ST,835,0,1,ROW-END,0,4,1,1,0,1
510000,629,HAMMOND ST,1160,0,1,LOW-RISE,2,5,2,2,0,1
417000,99,MARION ST,918,0,2,LOW-RISE,0,4,2,1,0,0
167000,50,LONGWOOD AVE,793,0,3,HIGH-RISE,3,3,1,1,0,1
575000,85,FRANCIS ST,1275,0,2,LOW-RISE,0,5,2,2,0,0
275000,38,WINCHESTER ST,660,0,1,LOW-RISE,0,3,1,1,0,0
379500,1490,BEACON ST,921,1,3,LOW-RISE,0,4,1,1,0,0
259000,13,GARRISON RD,692,0,0,ROW-MIDDLE,0,3,1,1,0,0
370000,765,BOYLSTON ST,1672,0,3,DECKER,0,6,3,2,0,0
375000,1731,BEACON ST,925,1,12,HIGH-RISE,2,4,1,1,0,1
585000,6,THAYER ST,1451,0,2,ROW-END,0,6,3,2,0,0
935000,63,SUMMIT AVE,1982,0,2,DECKER,0,8,3,2,1,0
475000,52,BABCOCK ST,964,0,2,LOW-RISE,0,4,2,1,0,1
525000,1691,BEACON ST,1290,1,3,ROW-MIDDLE,0,5,2,1,0,0
800000,76,GREEN ST,1339,0,2,LOW-RISE,2,4,2,2,0,2
462000,431,WASHINGTON ST,1338,0,1,LOW-RISE,0,5,2,1,0,0
461000,20,CHAPEL ST,992,0,2,HIGH-RISE,6,5,2,1,0,1
357500,1807,BEACON ST,1002,1,0,ROW-MIDDLE,0,4,2,1,0,0
359775,1731,BEACON ST,925,1,4,HIGH-RISE,2,4,1,1,0,1
416000,1600,BEACON ST,776,1,4,HIGH-RISE,2,3,1,1,0,1
253000,20,CHAPEL ST,564,0,3,HIGH-RISE,6,3,1,1,0,0
450000,104,WESTBOURNE TER,1414,0,1,DECKER,0,6,2,2,0,0
258000,20,CHAPEL ST,564,0,2,HIGH-RISE,6,3,1,1,0,0
635000,323,BOYLSTON ST,1522,0,3,MID-RISE,1,4,2,2,0,2
575000,84,PLEASANT ST,1416,0,2,ROW-END,0,6,3,1,1,0
587500,20,WEBSTER ST,1200,0,3,MID-RISE,2,4,2,2,0,1
550000,85,GLEN RD,1220,0,1,LOW-RISE,0,4,2,2,0,1
175000,592,WASHINGTON ST,495,0,3,LOW-RISE,0,3,1,1,0,0
400000,60,GLEN RD,804,0,2,LOW-RISE,1,4,1,1,0,0
315000,20,WEBSTER ST,540,0,2,MID-RISE,2,3,1,1,0,1
465000,1243,BEACON ST,1055,1,4,MID-RISE,2,6,2,2,0,1
1100000,135,MASON TER,2133,0,2,DECKER,0,7,3,2,1,0
310000,35,PARK ST,753,0,3,LOW-RISE,0,3,1,1,0,0
907500,188,WINCHESTER ST,2582,0,2,DECKER,0,7,3,2,0,1
220000,150,PLEASANT ST,1051,0,1,MID-RISE,1,4,2,1,1,1
940000,303,GODDARD AVE,2516,0,1,CLUSTER-TYPE,0,11,3,3,1,2
273000,20,CHAPEL ST,683,0,0,HIGH-RISE,6,4,1,1,0,0
285000,133,BEACONSFIELD RD,757,0,2,LOW-RISE,1,3,1,1,0,0
255000,19,WINCHESTER ST,698,0,8,HIGH-RISE,2,4,1,1,0,0
519000,3,UPLAND RD,1655,0,2,DECKER,0,7,4,2,0,0
500000,239,RAWSON RD,1237,0,3,ROW-MIDDLE,0,5,2,1,0,0
620000,25,MARION ST,1160,0,4,MID-RISE,1,4,2,2,0,2
230500,70,PARK ST,504,0,1,HIGH-RISE,4,2,1,1,0,0
270000,19,SHORT ST,518,0,2,LOW-RISE,0,3,1,1,0,0
350000,20,CHAPEL ST,1115,0,0,HIGH-RISE,6,5,2,2,0,0
667500,4,BRADFORD TER,1422,0,1,LOW-RISE,0,6,3,2,0,0
851000,1601,BEACON ST,1553,1,1,LOW-RISE,1,6,2,2,1,0
509000,323,TAPPAN ST,1243,0,3,LOW-RISE,0,5,2,2,0,0
850000,251,ST PAUL ST,2774,0,1,DUPLEX,0,9,6,2,0,1
1200000,99,WINCHESTER ST,2174,0,3,LOW-RISE,1,6,3,2,1,2
292500,150,BEACONSFIELD RD,585,0,2,LOW-RISE,0,3,1,1,0,0
265000,1731,BEACON ST,1009,1,1,HIGH-RISE,2,4,1,1,0,1
658500,50,LONGWOOD AVE,1218,0,8,HIGH-RISE,3,4,2,2,0,2
431000,114,ST PAUL ST,1158,0,2,LOW-RISE,0,5,2,1,0,0
429000,648,WASHINGTON ST,1101,0,2,LOW-RISE,0,5,2,1,0,0
174000,150,PLEASANT ST,951,0,3,MID-RISE,1,4,2,1,0,1
515000,80,BROWNE ST,1266,0,2,ROW-END,0,5,2,1,0,0
369000,15,MONMOUTH CT,850,0,1,LOW-RISE,0,4,1,1,0,0
479250,42,ST PAUL ST,1175,0,2,LOW-RISE,0,5,2,1,0,0
630000,26,JOHN ST,1538,0,3,ROW-MIDDLE,0,6,3,1,0,0
761000,89,PLEASANT ST,2067,0,2,ROW-MIDDLE,0,6,2,2,0,0
409000,96,ST PAUL ST,1335,0,3,LOW-RISE,0,7,3,2,0,0
415000,45,MASON TER,1039,0,1,LOW-RISE,0,4,2,1,0,0
860000,17,JAMES ST,2410,0,3,LOW-RISE,0,8,4,2,0,0
462000,90,PARK ST,1220,0,3,OTHER,0,3,1,1,1,0
247000,60,BABCOCK ST,509,0,7,HIGH-RISE,2,2,1,1,0,0
368000,15,WESTBOURNE TER,1176,0,3,LOW-RISE,0,6,2,1,0,0
860000,55,PARK ST,1555,0,1,LOW-RISE,1,5,3,2,0,2
505000,1487,BEACON ST,1082,1,2,ROW-MIDDLE,0,5,2,1,0,0
375000,16,ADDINGTON RD,1074,0,3,MID-RISE,1,4,2,2,0,0
293000,77,POND AVE,860,0,14,HIGH-RISE,5,3,1,1,0,1
585000,90,WESTBOURNE TER,1438,0,1,DECKER,0,7,3,2,0,0
445000,119,CROWNINSHIELD RD,1037,0,1,LOW-RISE,0,3,1,1,0,1
397000,16,ADDINGTON RD,932,0,3,MID-RISE,1,4,2,2,0,0
605000,110,CYPRESS ST,1485,0,2,LOW-RISE,1,5,2,2,0,2
589000,6,LANARK RD,1630,0,3,LOW-RISE,0,5,2,1,1,0
560000,15,DAVIS AVE,1622,0,2,LOW-RISE,0,6,2,1,0,0
275500,246,CYPRESS ST,624,0,1,DUPLEX,0,4,2,1,0,0
950000,62,PARKMAN ST,2061,0,3,ROW-MIDDLE,0,8,3,2,0,0
752000,31,VERNDALE ST,1197,0,1,DECKER,0,7,3,2,1,0
1110000,293,GODDARD AVE,3154,0,1,CLUSTER-TYPE,0,7,4,3,1,2
1125000,106,BROOK ST,1437,0,2,DECKER,0,7,3,2,0,0
240000,3,ENGLEWOOD AVE,668,0,0,LOW-RISE,0,3,1,1,0,0
599000,122,DAVIS AVE,1345,0,1,DECKER,0,6,3,1,0,0
525000,64,ASPINWALL AVE,1403,0,2,LOW-RISE,0,7,4,1,1,0
266300,33,POND AVE,735,0,12,HIGH-RISE,5,3,1,1,0,1
140000,1038,BEACON ST,345,1,3,LOW-RISE,1,2,1,1,0,0
402500,551,BROOKLINE AVE,1178,0,3,LOW-RISE,0,6,2,1,0,0
386300,52,BABCOCK ST,964,0,3,LOW-RISE,0,4,2,1,0,0
753000,5,ADAMS ST,2000,0,1,DUPLEX,0,6,3,2,1,0
342000,7,LEVERETT ST,832,0,2,DECKER,0,5,2,1,0,0
632000,19,PERRY ST,800,0,1,ROW-END,0,6,3,2,1,0
1400000,25,MARION ST,2660,0,5,MID-RISE,1,6,2,2,1,4
318000,33,POND AVE,825,0,11,HIGH-RISE,5,3,1,1,0,1
540000,1600,BEACON ST,950,1,8,HIGH-RISE,2,4,2,2,0,1
780000,11,WAVERLY ST,1764,0,1,CONVERTED-HOUSE,0,6,2,2,0,1
463000,1896,BEACON ST,1240,1,3,ROW-MIDDLE,0,6,3,1,0,0
620000,9,YORK TER,1537,0,2,DECKER,0,7,3,1,0,1
555000,227,SUMMIT AVE,1121,0,2,LOW-RISE,1,4,1,2,0,0
480000,104,SEWALL AVE,1108,0,1,LOW-RISE,0,4,2,1,0,0
685000,109,BEACONSFIELD RD,1837,0,1,CLUSTER-TYPE,0,7,3,2,1,1
380000,40,STETSON ST,786,0,2,LOW-RISE,0,6,2,1,0,0
885000,67,WINTHROP RD,2162,0,1,DECKER,0,10,4,3,1,1
1050000,20,MARSHAL ST,2274,0,2,LOW-RISE,0,7,3,2,1,0
312000,183,KENT ST,633,0,1,LOW-RISE,0,4,2,1,0,0
832000,92,HARVARD AVE,887,0,1,ROW-MIDDLE,0,7,2,2,1,0
300000,139,BEACONSFIELD RD,970,0,0,LOW-RISE,0,5,2,1,0,0
749000,76,KENT ST,1703,0,2,LOW-RISE,0,5,3,2,0,2
274000,1600,BEACON ST,652,1,1,HIGH-RISE,2,3,1,1,0,0
295000,15,GREEN ST,636,0,3,LOW-RISE,0,3,1,1,0,0
650000,629,HAMMOND ST,1347,0,4,LOW-RISE,2,5,2,2,0,2
368000,246,CYPRESS ST,1188,0,2,DUPLEX,0,5,2,2,0,0
397900,20,CAMERON ST,1088,0,3,LOW-RISE,0,4,2,2,0,0
360000,1600,BEACON ST,737,1,2,HIGH-RISE,2,3,1,1,0,0
439000,17,SHORT ST,986,0,1,LOW-RISE,0,5,2,1,0,0
216000,13,GARRISON RD,450,0,2,ROW-MIDDLE,0,3,1,1,0,0
585000,115,UNIVERSITY RD,1573,0,1,DECKER,0,5,2,1,0,1
365000,1742,BEACON ST,840,1,2,ROW-END,0,4,2,1,0,0
555000,311,TAPPAN ST,1356,0,3,LOW-RISE,0,5,2,2,0,0
590000,14,CLAFLIN RD,1505,0,2,ROW-MIDDLE,0,5,2,1,1,0
508000,20,WEBSTER ST,950,0,4,MID-RISE,2,4,2,2,0,1
680000,94,CHESTNUT ST,1503,0,1,DUPLEX,0,5,3,2,1,1
635000,98,BROOK ST,1307,0,1,DUPLEX,0,6,3,2,0,0
630000,629,HAMMOND ST,1277,0,3,LOW-RISE,2,5,2,2,0,3
650000,1038,BEACON ST,1505,1,4,LOW-RISE,1,6,3,2,0,0
385000,33,POND AVE,1005,0,4,HIGH-RISE,5,4,2,2,0,1
550000,27,VERNDALE ST,1284,0,1,DECKER,0,4,2,2,0,0
575000,1731,BEACON ST,1218,1,7,HIGH-RISE,2,5,2,2,0,1
460000,73,GARDNER RD,2192,0,1,DECKER,0,7,3,2,1,0
340000,25,MARION ST,1150,0,4,MID-RISE,1,4,2,2,0,1
975000,20,WEBSTER ST,1600,0,2,MID-RISE,2,5,2,2,0,2
422500,741,HEATH ST,1082,0,1,DECKER,0,5,3,1,1,0
572500,41,CENTRE ST,1192,0,4,LOW-RISE,1,5,2,2,0,0
465000,111,BROWNE ST,1255,0,2,DECKER,0,7,3,1,0,0
414000,809,HEATH ST,1213,0,1,DECKER,0,5,2,1,1,0
900000,40,OAKLAND RD,2199,0,2,DECKER,0,8,3,3,0,1
483500,1038,BEACON ST,1152,1,2,LOW-RISE,1,4,2,1,0,0
420000,39,KENT ST,1180,0,3,LOW-RISE,0,5,3,1,0,0
442000,16,ADDINGTON RD,1063,0,5,MID-RISE,1,4,2,2,0,0
278500,1450,BEACON ST,573,1,2,HIGH-RISE,4,3,1,1,0,0
359000,60,LONGWOOD AVE,950,0,6,HIGH-RISE,3,3,1,1,1,1
405000,31,HARRIS ST,1000,0,3,MID-RISE,1,4,2,2,0,1
1100000,2,ST PAUL ST,1804,0,5,MID-RISE,2,5,3,2,0,2
730000,285,TAPPAN ST,2400,0,2,ROW-END,0,7,4,2,0,0
422000,1600,BEACON ST,737,1,7,HIGH-RISE,2,3,1,1,0,1
470000,235,FREEMAN ST,1015,0,3,LOW-RISE,0,5,2,1,0,0
525000,115,WALNUT ST,1206,0,1,DECKER,0,5,3,1,1,0
227500,1575,BEACON ST,547,1,0,ROW-END,0,2,0,1,0,0
465000,1731,BEACON ST,1366,1,1,HIGH-RISE,2,5,2,2,1,1
390000,96,BROOK ST,874,0,3,ROW-END,0,4,2,1,0,0
470000,1600,BEACON ST,956,1,6,HIGH-RISE,2,4,2,2,0,0
336000,17,GARRISON RD,915,0,1,ROW-MIDDLE,0,3,1,1,0,0
780000,249,CYPRESS ST,2455,0,1,CLUSTER-TYPE,0,7,2,3,1,1
665000,10,BRADFORD TER,1365,0,1,LOW-RISE,0,6,3,2,0,0
462000,21,PARKMAN ST,1075,0,2,ROW-MIDDLE,0,4,2,1,0,0
1020000,195,ST PAUL ST,2680,0,3,LOW-RISE,2,8,4,3,0,0
299000,1575,BEACON ST,666,1,1,ROW-END,0,3,1,1,0,0
237000,19,WINCHESTER ST,672,0,5,HIGH-RISE,2,4,1,1,0,0
765000,1600,BEACON ST,1099,1,5,HIGH-RISE,2,4,2,2,0,18
480000,135,PLEASANT ST,1007,0,6,MID-RISE,1,5,2,2,0,1
1110000,287,KENT ST,2280,0,3,CONVERTED-HOUSE,0,6,3,2,0,1
379500,1492,BEACON ST,922,1,1,LOW-RISE,0,5,1,1,0,0
174000,150,PLEASANT ST,1022,0,2,MID-RISE,1,4,2,1,0,1
390000,50,GREEN ST,1046,0,4,LOW-RISE,1,4,2,2,0,0
1750000,543,BOYLSTON ST,3739,0,1,CONVERTED-HOUSE,0,7,4,4,1,2
314000,60,BABCOCK ST,768,0,5,HIGH-RISE,2,4,1,1,0,0
312000,1450,BEACON ST,700,1,1,HIGH-RISE,4,3,1,1,0,0
423150,42,STANTON RD,1128,0,2,LOW-RISE,0,5,2,1,0,0
615000,57,HARVARD AVE,1327,0,3,LOW-RISE,0,5,2,2,0,1
1537500,1160,BEACON ST,2412,1,3,LOW-RISE,1,6,3,2,1,2
655000,323,BOYLSTON ST,1600,0,1,MID-RISE,1,4,2,2,0,2
123091,24,JUNIPER ST,638,0,2,LOW-RISE,0,4,1,1,0,0
290000,133,BEACONSFIELD RD,712,0,3,LOW-RISE,1,4,2,1,0,0
470000,77,POND AVE,1260,0,10,HIGH-RISE,5,4,2,2,0,1.75
285000,136,BEACONSFIELD RD,615,0,3,LOW-RISE,0,3,1,1,0,0
1115000,201,FREEMAN ST,2422,0,1,OTHER,0,6,3,3,1,2
290000,89,MASON TER,1120,0,0,LOW-RISE,0,6,3,2,0,0
391500,1450,BEACON ST,970,1,2,HIGH-RISE,4,4,2,1,0,0
818000,1601,BEACON ST,1553,1,2,LOW-RISE,1,6,2,2,1,0
363000,231,WASHINGTON ST,890,0,3,LOW-RISE,0,5,2,1,0,0
473750,94,MARION ST,1199,0,3,LOW-RISE,0,5,2,2,0,0
1149000,34,BROOK ST,2203,0,1,DUPLEX,0,8,5,3,1,0
820000,88,BEALS ST,1685,0,1,DECKER,0,8,4,3,0,1
535000,629,HAMMOND ST,1186,0,1,LOW-RISE,2,4,2,2,0,2
305000,725,HAMMOND ST,1172,0,1,CLUSTER-TYPE,0,4,2,1,1,0
630000,11,UNIVERSITY RD,1547,0,3,ROW-MIDDLE,0,7,4,2,0,0
635000,4,BRADFORD TER,1367,0,1,LOW-RISE,0,6,3,1,1,0
680000,50,LONGWOOD AVE,1150,0,4,HIGH-RISE,3,4,2,2,0,1
415000,17,REGENT CIR,1140,0,3,LOW-RISE,0,4,2,1,0,0
395000,30,KILSYTH RD,987,0,2,LOW-RISE,0,4,2,1,0,0
400000,4,GRIGGS RD,838,0,1,DECKER,0,4,1,1,0,0
1200000,201,FREEMAN ST,3715,0,1,OTHER,0,6,3,3,1,2
709000,110,CYPRESS ST,1108,0,1,LOW-RISE,1,6,2,2,0,2
310000,60,GLEN RD,734,0,0,LOW-RISE,1,3,1,1,0,0
271000,1742,BEACON ST,927,1,0,ROW-END,0,3,1,1,0,0
121000,185,PLEASANT ST,590,0,0,ROW-END,0,2,1,1,0,0
260000,59,ST PAUL ST,530,0,1,LOW-RISE,0,3,1,1,0,0
369000,60,LONGWOOD AVE,826,0,6,HIGH-RISE,3,3,1,1,0,1
220000,45,LONGWOOD AVE,361,0,7,MID-RISE,2,3,1,1,0,0
325000,98,ST PAUL ST,810,0,3,LOW-RISE,0,4,1,1,0,0
479000,66,MARSHAL ST,983,0,1,ROW-MIDDLE,0,4,2,1,0,0
190000,70,PARK ST,407,0,1,HIGH-RISE,4,1,1,1,0,1
650000,11,LINDEN PL,1471,0,1,DECKER,0,5,3,1,1,0
543500,1584,BEACON ST,1440,1,2,ROW-MIDDLE,0,6,3,2,0,0
472875,7,VERNDALE ST,1042,0,1,LOW-RISE,0,6,3,1,0,0
348000,19,HAMILTON RD,965,0,1,LOW-RISE,0,4,1,1,0,0
358000,216,ST PAUL ST,813,0,5,MID-RISE,1,3,1,1,0,1
278500,126,PARK ST,785,0,1,ROW-END,0,4,2,1,0,0
855000,56,BROWNE ST,2173,0,1,LOW-RISE,0,8,4,2,1,0
358000,9,COREY RD,828,0,2,LOW-RISE,1,4,2,1,0,0
361000,99,POND AVE,1005,0,9,HIGH-RISE,5,4,2,2,0,1
248000,10,JUNIPER ST,759,0,3,LOW-RISE,0,5,2,1,0,0
352500,111,CENTRE ST,1851,0,1,CLUSTER-TYPE,0,5,3,2,0,1
520000,57,ALTON PL,1610,0,3,LOW-RISE,0,6,3,1,0,0
544000,15,FAIRBANKS ST,1183,0,2,CONVERTED-HOUSE,0,5,2,1,0,0
303000,31,WINSLOW RD,785,0,2,LOW-RISE,0,4,2,1,0,0
697500,17,GIBBS ST,1888,0,1,ROW-MIDDLE,0,6,2,2,0,0
439000,115,CROWNINSHIELD RD,967,0,1,LOW-RISE,0,3,1,1,0,1
1325000,201,FREEMAN ST,2980,0,1,OTHER,0,7,3,2,1,2
391000,10,LANARK RD,1114,0,3,LOW-RISE,0,6,2,1,0,0
642600,101,WINTHROP RD,1668,0,2,ROW-END,0,6,3,2,0,0
1020000,125,CROWNINSHIELD RD,2163,0,2,LOW-RISE,0,5,3,2,1,2
648850,147,LONGWOOD AVE,1300,0,1,ROW-END,0,5,2,2,0,0
504149,26,PARKMAN ST,1053,0,3,LOW-RISE,0,5,2,2,0,2
235000,126,PARK ST,590,0,1,ROW-END,0,3,1,1,0,0
455000,216,ST PAUL ST,1185,0,4,MID-RISE,1,5,2,2,0,1
320000,275,CYPRESS ST,596,0,1,LOW-RISE,0,3,1,1,0,0
435000,341,TAPPAN ST,1083,0,3,LOW-RISE,0,5,2,1,0,0
350000,140,FULLER ST,775,0,1,ROW-MIDDLE,0,4,1,1,0,0
715000,629,HAMMOND ST,1532,0,2,LOW-RISE,2,5,2,2,0,2
300000,16,ADDINGTON RD,646,0,4,MID-RISE,1,3,1,1,0,0
425000,51,GORHAM AVE,1270,0,2,LOW-RISE,0,6,3,1,0,0
1115000,201,FREEMAN ST,2419,0,1,OTHER,0,6,3,3,1,2
345000,73,PARKMAN ST,860,0,1,ROW-MIDDLE,0,3,1,1,0,0
660000,201,WINCHESTER ST,1850,0,2,DECKER,0,7,3,1,0,1
300000,275,CYPRESS ST,659,0,2,LOW-RISE,0,3,1,1,0,0
280000,197,KENT ST,795,0,1,LOW-RISE,2,4,2,1,0,0
485000,185,DAVIS AVE,1418,0,4,LOW-RISE,0,5,3,2,0,0
300000,19,WINCHESTER ST,698,0,4,HIGH-RISE,2,3,1,1,0,1
292000,197,KENT ST,684,0,4,LOW-RISE,2,3,1,1,0,0
388000,1731,BEACON ST,1366,1,1,HIGH-RISE,2,5,2,2,1,1
704000,24,JOHN ST,1615,0,2,ROW-MIDDLE,0,6,3,2,0,0
322000,90,NAPLES RD,775,0,1,ROW-MIDDLE,0,3,1,1,0,0
506900,15,PARK VALE,1290,0,3,LOW-RISE,0,6,3,1,0,0
490000,110,CYPRESS ST,982,0,3,LOW-RISE,1,4,2,1,0,2
327500,1731,BEACON ST,682,1,4,HIGH-RISE,2,4,1,1,0,1
423000,648,WASHINGTON ST,1094,0,4,LOW-RISE,0,5,2,1,0,0
390000,1731,BEACON ST,925,1,8,HIGH-RISE,2,4,1,1,0,1
639000,43,DAVIS AVE,1824,0,2,DECKER,0,7,4,1,0,1
1035000,40,UNIVERSITY RD,1682,0,1,DECKER,0,5,2,3,1,0
349000,336,TAPPAN ST,785,0,2,ROW-MIDDLE,0,3,1,2,0,0
342500,1450,BEACON ST,705,1,8,HIGH-RISE,4,3,1,1,0,0
516000,49,HARVARD AVE,1244,0,3,LOW-RISE,0,5,2,2,0,1
325000,3,FULLER ST,828,0,1,ROW-MIDDLE,0,4,1,1,0,0
600000,1757,BEACON ST,1882,1,3,ROW-MIDDLE,0,5,3,2,1,0
495000,108,ST PAUL ST,1130,0,2,LOW-RISE,0,5,2,1,0,0
315000,59,HARVARD AVE,680,0,0,LOW-RISE,0,3,1,2,0,0
235000,97,MASON TER,530,0,0,LOW-RISE,0,3,1,1,0,0
350000,54,BABCOCK ST,820,0,1,LOW-RISE,0,4,2,1,0,0
415000,28,JAMES ST,863,0,0,LOW-RISE,0,4,2,1,0,0
667000,23,HARVARD AVE,1726,0,1,CONVERTED-HOUSE,0,4,2,2,1,0
616000,146,WINTHROP RD,1581,0,1,CONVERTED-HOUSE,0,6,2,2,1,1
517000,54,DWIGHT ST,1130,0,3,LOW-RISE,0,5,3,2,0,0
267000,77,POND AVE,720,0,9,HIGH-RISE,5,3,1,1,0,1
591000,1857,BEACON ST,1267,1,1,ROW-MIDDLE,0,6,2,2,0,0
565000,110,CYPRESS ST,1262,0,4,LOW-RISE,1,5,2,2,0,2
209000,38,WINCHESTER ST,447,0,3,LOW-RISE,0,3,1,1,0,0
335000,45,MASON TER,770,0,2,LOW-RISE,0,4,1,1,0,0
227000,39,ST PAUL ST,520,0,0,LOW-RISE,0,3,1,1,0,0
1150000,531,BOYLSTON ST,2252,0,1,CLUSTER-TYPE,0,6,3,2,1,2
994000,69,MEADOWBROOK RD,2471,0,1,CLUSTER-TYPE,0,8,4,3,1,2
1100000,201,FREEMAN ST,3245,0,1,OTHER,0,6,3,2,1,2
910000,14,MARSHAL ST,1988,0,3,ROW-MIDDLE,0,7,3,2,0,0
645000,30,DEAN RD,1226,0,3,LOW-RISE,0,5,2,2,0,2
375000,58,PLEASANT ST,828,0,1,ROW-END,0,5,2,1,0,0
515500,101,FRANKLIN ST,1213,0,2,DECKER,0,5,2,2,0,0
310000,99,POND AVE,870,0,2,HIGH-RISE,5,3,1,1,0,1
195000,8,JUNIPER ST,468,0,0,LOW-RISE,0,2,1,1,0,0
440000,47,HARVARD AVE,940,0,3,LOW-RISE,0,4,2,1,0,0
309000,1450,BEACON ST,713,1,6,HIGH-RISE,4,3,1,1,0,0
631626,145,UNIVERSITY RD,1771,0,2,DECKER,0,6,3,1,1,1
391000,1450,BEACON ST,929,1,6,HIGH-RISE,4,4,2,1,0,0
775000,1038,BEACON ST,1645,1,2,LOW-RISE,1,6,3,2,0,0
980000,25,THATCHER ST,2230,0,3,ROW-END,0,7,4,2,0,0
795000,629,HAMMOND ST,1724,0,2,LOW-RISE,2,5,2,2,0,2
312000,71,PARK ST,790,0,1,LOW-RISE,0,4,1,1,0,0
725000,20,WEBSTER ST,1165,0,7,MID-RISE,2,4,2,2,0,1
415000,143,BABCOCK ST,944,0,1,ROW-MIDDLE,0,6,2,1,0,0
316000,133,BEACONSFIELD RD,712,0,3,LOW-RISE,1,4,2,1,0,0
340000,44,WASHINGTON ST,1025,0,9,HIGH-RISE,5,4,2,2,0,1
359000,66,MARSHAL ST,983,0,2,ROW-MIDDLE,0,4,2,1,0,0
492500,150,ST PAUL ST,892,0,4,LOW-RISE,1,4,2,1,1,1
200000,1742,BEACON ST,431,1,0,ROW-END,0,2,1,1,0,0
772500,20,CHAPEL ST,1515,0,7,HIGH-RISE,6,6,2,2,0,2
518700,185,HIGH ST,1230,0,3,LOW-RISE,2,4,2,2,0,1
520000,26,WHITE PL,1380,0,1,CLUSTER-TYPE,0,6,2,1,1,0
200000,44,WASHINGTON ST,500,0,2,HIGH-RISE,5,2,1,1,0,0
583200,4,PARK ST,1410,0,2,ROW-END,0,5,2,1,0,0
440000,1731,BEACON ST,947,1,12,HIGH-RISE,2,4,1,1,0,1
320000,36,BROWNE ST,1105,0,3,LOW-RISE,0,6,2,1,0,0
118000,33,POND AVE,780,0,10,HIGH-RISE,5,3,1,1,0,1
672000,73,GARDNER RD,3280,0,2,DECKER,0,7,3,3,0,0
395000,20,CAMERON ST,1088,0,2,LOW-RISE,0,4,2,2,0,0
365000,16,ADDINGTON RD,932,0,2,MID-RISE,1,4,2,2,0,0
560000,15,CLAFLIN RD,1380,0,2,ROW-MIDDLE,0,6,3,1,1,0
763000,45,LONGWOOD AVE,1800,0,9,MID-RISE,2,6,3,2,0,0
266250,36,WINCHESTER ST,660,0,1,LOW-RISE,0,3,1,1,0,0
680000,70,PARK ST,1580,0,2,HIGH-RISE,4,5,2,2,0,2
500000,33,ASPINWALL AVE,796,0,1,DECKER,0,10,4,3,0,0
1015000,151,LONGWOOD AVE,1457,0,1,ROW-END,0,8,4,2,0,0
208350,630,HAMMOND ST,1088,0,1,LOW-RISE,1,5,2,2,0,1
529000,41,CENTRE ST,1261,0,3,LOW-RISE,1,4,2,2,0,0
468000,17,PARK VALE,1092,0,1,LOW-RISE,0,5,2,1,0,0
499000,108,SEWALL AVE,1212,0,2,LOW-RISE,0,5,2,1,0,0
432500,16,ADDINGTON RD,1074,0,4,MID-RISE,1,4,2,2,0,0
615000,489,BOYLSTON ST,1975,0,1,ROW-MIDDLE,0,8,3,2,0,0
358000,103,SEWALL AVE,671,0,1,CONVERTED-HOUSE,0,3,1,1,1,0
486000,630,WASHINGTON ST,860,0,1,LOW-RISE,0,4,2,1,1,1
628000,25,MARION ST,1105,0,3,MID-RISE,1,4,2,2,0,1
270000,119,PARK ST,434,0,3,LOW-RISE,0,3,1,1,0,0
705000,629,HAMMOND ST,1490,0,3,LOW-RISE,2,5,2,2,0,2
430000,26,HOLLY LN,1122,0,1,LOW-RISE,1,6,2,2,0,1
283500,1742,BEACON ST,513,1,1,ROW-END,0,3,1,1,0,0
527000,629,HAMMOND ST,1164,0,3,LOW-RISE,2,4,2,2,0,2
500000,11,REGENT CIR,1043,0,4,ROW-MIDDLE,0,4,2,1,0,0
461000,20,CHAPEL ST,945,0,2,HIGH-RISE,6,5,2,1,0,1
469000,816,WASHINGTON ST,1185,0,2,CONVERTED-HOUSE,0,5,2,1,0,0
528000,126,PARK ST,1460,0,3,ROW-END,0,7,3,2,0,0
405000,92,MARION ST,992,0,2,LOW-RISE,0,4,1,1,0,0
465000,116,UNIVERSITY RD,1343,0,2,ROW-MIDDLE,0,7,3,1,0,0
695000,55,STATION ST,1236,0,4,LOW-RISE,1,4,2,2,0,2
865000,104,PLEASANT ST,2215,0,3,ROW-END,0,7,4,2,0,1
1125000,106,BROOK ST,872,0,1,DECKER,0,4,2,1,1,0
750000,1244,BEACON ST,1768,1,3,ROW-MIDDLE,0,6,3,2,0,0
912000,104,BABCOCK ST,2525,0,2,CONVERTED-HOUSE,1,7,3,2,1,1
295000,77,POND AVE,860,0,5,HIGH-RISE,5,3,1,1,0,1
1543750,55,PARK ST,2355,0,4,LOW-RISE,1,7,4,3,0,2
434000,80,FRANCIS ST,1097,0,1,LOW-RISE,0,5,2,1,0,0
435000,2,EUSTON ST,1086,0,2,ROW-END,0,5,2,1,0,0
266000,30,KILSYTH RD,554,0,2,LOW-RISE,0,3,1,1,0,0
980000,227,SUMMIT AVE,1889,0,1,LOW-RISE,1,6,3,2,1,1
300000,33,POND AVE,870,0,6,HIGH-RISE,5,3,1,1,0,1
775000,30,LONGWOOD AVE,1333,0,2,LOW-RISE,0,6,2,2,0,2
385000,1731,BEACON ST,925,1,1,HIGH-RISE,2,4,1,1,0,1
526000,41,PARK ST,1163,0,4,LOW-RISE,1,4,2,2,0,0
113785,6,JUNIPER ST,538,0,0,LOW-RISE,0,3,1,1,0,0
385000,33,POND AVE,1050,0,2,HIGH-RISE,5,4,2,2,0,1
600000,66,WINCHESTER ST,1198,0,4,MID-RISE,1,4,2,2,0,1
444000,415,WASHINGTON ST,1215,0,1,LOW-RISE,0,5,2,1,0,0
640000,26,EGMONT ST,1885,0,2,ROW-END,0,6,3,2,0,0
690000,344,TAPPAN ST,1216,0,1,ROW-END,0,5,3,2,1,0
512000,3,AUBURN CT,1122,0,2,LOW-RISE,0,6,3,1,0,0
358000,19,WINCHESTER ST,698,0,5,HIGH-RISE,2,4,1,1,0,1
419000,1450,BEACON ST,968,1,3,HIGH-RISE,4,4,2,1,0,0
439000,115,FREEMAN ST,990,0,2,ROW-END,0,4,2,1,0,1
513000,1600,BEACON ST,961,1,3,HIGH-RISE,2,4,2,2,0,1
369000,31,ENGLEWOOD AVE,792,0,1,LOW-RISE,0,5,2,1,0,0
312500,126,AMORY ST,805,0,0,ROW-MIDDLE,0,3,1,1,0,0
510000,99,POND AVE,1590,0,3,HIGH-RISE,5,5,3,2,0,1.75
549000,465,WASHINGTON ST,1250,0,3,LOW-RISE,0,6,3,1,0,0
380000,1600,BEACON ST,748,1,2,HIGH-RISE,2,3,1,1,0,0
436000,1493,BEACON ST,841,1,2,ROW-MIDDLE,0,4,2,1,0,0
490000,231,FREEMAN ST,1005,0,3,LOW-RISE,0,5,2,1,0,0
645000,315,ST PAUL ST,1833,0,2,ROW-END,0,7,3,2,0,0
285000,99,POND AVE,870,0,2,HIGH-RISE,5,3,1,1,0,1
442500,22,HOMER ST,1197,0,2,LOW-RISE,0,6,2,1,0,0
399180,20,CAMERON ST,1090,0,1,LOW-RISE,0,4,2,2,0,0
155000,153,FULLER ST,395,0,0,ROW-END,0,2,1,1,0,0
644900,110,CYPRESS ST,1462,0,2,LOW-RISE,1,6,3,2,0,2
1110000,1160,BEACON ST,1742,1,1,LOW-RISE,1,5,2,2,1,2
460000,16,ADDINGTON RD,1074,0,4,MID-RISE,1,4,2,2,0,0
599000,207,MASON TER,1320,0,1,DECKER,0,6,3,1,0,1
358500,126,BROWNE ST,672,0,2,CONVERTED-HOUSE,0,4,2,1,0,0
399000,20,CHAPEL ST,742,0,4,HIGH-RISE,6,3,1,1,0,1
740000,75,WINCHESTER ST,1630,0,3,LOW-RISE,1,4,2,2,1,2
339750,33,ASPINWALL AVE,812,0,1,DECKER,0,4,2,1,0,0
1025000,565,BOYLSTON ST,2781,0,1,CONVERTED-HOUSE,0,8,4,2,1,2
243750,44,WASHINGTON ST,710,0,6,HIGH-RISE,5,3,1,1,0,1
355000,77,POND AVE,1260,0,4,HIGH-RISE,5,4,2,2,0,1
559000,465,WASHINGTON ST,1250,0,3,LOW-RISE,0,6,3,1,0,0
899000,1199,BEACON ST,2103,1,2,LOW-RISE,0,7,4,2,0,0
319000,37,ST PAUL ST,850,0,0,LOW-RISE,0,5,2,1,0,0
517000,216,ST PAUL ST,1185,0,1,MID-RISE,1,4,2,2,0,1
375000,45,LONGWOOD AVE,924,0,5,MID-RISE,2,3,1,1,0,0
385000,33,POND AVE,1300,0,7,HIGH-RISE,5,4,2,2,0,1
385000,99,PERRY ST,1078,0,2,LOW-RISE,0,4,2,1,0,0
313000,334,TAPPAN ST,720,0,1,ROW-MIDDLE,0,3,1,2,0,0
165000,205,KENT ST,477,0,0,LOW-RISE,2,2,1,1,0,0
460000,12,JAMES ST,1018,0,3,LOW-RISE,0,4,2,1,0,0
282000,22,CHESTNUT PL,754,0,1,MID-RISE,2,3,1,1,1,0
545000,1600,BEACON ST,950,1,7,HIGH-RISE,2,4,2,2,0,1
285000,197,KENT ST,795,0,0,LOW-RISE,2,4,2,1,0,0
335000,60,BABCOCK ST,660,0,2,HIGH-RISE,2,3,1,1,0,0
930000,67,MEADOWBROOK RD,2007,0,1,CLUSTER-TYPE,0,9,3,2,1,2
422000,137,BEACONSFIELD RD,1105,0,3,LOW-RISE,0,4,2,1,0,0
412000,60,LONGWOOD AVE,976,0,2,HIGH-RISE,3,3,1,1,1,1
340000,30,ST PAUL ST,713,0,2,LOW-RISE,0,4,2,1,0,0
340000,19,WESTBOURNE TER,998,0,1,LOW-RISE,0,4,2,1,1,0
215000,40,WINCHESTER ST,447,0,1,LOW-RISE,0,3,1,1,0,0
417000,40,BROWNE ST,1072,0,3,LOW-RISE,0,6,2,1,0,0
241000,33,POND AVE,725,0,4,HIGH-RISE,5,3,1,1,0,1
425000,17,MONMOUTH CT,1128,0,1,LOW-RISE,0,5,2,1,0,0
579000,50,LONGWOOD AVE,1157,0,7,HIGH-RISE,3,4,2,2,0,1
383000,15,MONMOUTH CT,850,0,1,LOW-RISE,0,3,1,1,0,0
324000,340,TAPPAN ST,825,0,1,ROW-MIDDLE,0,4,1,1,0,0
1150000,60,POWELL ST,3098,0,1,CONVERTED-HOUSE,0,6,3,2,1,0
200000,34,WINCHESTER ST,410,0,3,LOW-RISE,0,2,1,1,0,0
380000,36,DWIGHT ST,897,0,1,LOW-RISE,0,4,2,1,0,0
595000,119,WINTHROP RD,1600,0,2,LOW-RISE,0,8,4,2,0,1
362000,99,POND AVE,1300,0,5,HIGH-RISE,5,4,2,2,0,2
306000,50,LONGWOOD AVE,835,0,3,HIGH-RISE,3,3,1,1,0,0
690000,629,HAMMOND ST,1534,0,1,LOW-RISE,2,5,2,2,0,2
325163,294,WALNUT ST,850,0,2,CONVERTED-HOUSE,0,3,1,1,0,0
349000,15,FRANCIS ST,684,0,4,LOW-RISE,1,3,1,1,0,1
461000,116,UNIVERSITY RD,1343,0,3,ROW-MIDDLE,0,7,3,1,0,0
1145000,51,SEWALL AVE,2894,0,2,DECKER,0,7,4,3,1,0
525000,43,RUSSELL ST,1370,0,1,DECKER,0,7,3,2,0,0
563000,133,WESTBOURNE TER,958,0,1,DECKER,0,7,4,3,0,0
410000,16,ADDINGTON RD,932,0,4,MID-RISE,1,4,2,2,0,0
390000,124,WINTHROP RD,945,0,3,CONVERTED-HOUSE,0,3,1,1,1,0
842700,132,CLARK RD,2282,0,2,CONVERTED-HOUSE,0,9,4,2,0,1
605000,1742,BEACON ST,1091,1,3,ROW-END,0,5,2,2,0,0
732500,101,WINTHROP RD,1668,0,3,ROW-END,0,6,3,2,0,1
675000,48,SUMMIT AVE,1550,0,3,ROW-END,0,7,3,2,0,0
1163500,26,ELM ST,2676,0,1,DUPLEX,0,9,5,2,1,0
478500,59,ALTON PL,1030,0,2,LOW-RISE,0,4,2,1,0,0
445000,57,ST PAUL ST,1000,0,1,LOW-RISE,0,4,2,1,1,0
499900,14,JAMES ST,1060,0,3,LOW-RISE,0,4,2,1,0,0
355000,453,WASHINGTON ST,994,0,1,LOW-RISE,0,4,2,1,0,0
930000,150,NAPLES RD,2052,0,1,CONVERTED-HOUSE,0,8,4,4,0,2
457500,1867,BEACON ST,1026,1,2,ROW-MIDDLE,0,5,2,1,0,0
403750,1450,BEACON ST,929,1,2,HIGH-RISE,4,4,2,1,0,0
400000,16,ADDINGTON RD,932,0,3,MID-RISE,1,4,2,2,0,0
404400,99,PERRY ST,1078,0,3,LOW-RISE,0,4,2,1,0,0
845000,123,ST PAUL ST,2320,0,2,LOW-RISE,0,7,4,3,0,0
395000,131,SEWALL AVE,854,0,5,MID-RISE,2,3,1,1,0,0
155850,153,FULLER ST,385,0,0,ROW-END,0,2,1,1,0,0
625000,20,EGMONT ST,1814,0,1,ROW-MIDDLE,0,6,3,1,1,0
865000,129,UNIVERSITY RD,2027,0,2,DECKER,0,6,3,2,1,0
572000,9,WHITNEY ST,983,0,1,DUPLEX,0,5,3,2,2,0
323700,44,WASHINGTON ST,1025,0,10,HIGH-RISE,5,4,2,2,0,0
620000,629,HAMMOND ST,1345,0,2,LOW-RISE,2,5,2,2,0,2
225600,33,POND AVE,780,0,3,HIGH-RISE,5,3,1,1,0,1
173000,55,THATCHER ST,328,0,3,ROW-END,0,2,1,1,0,0
547650,20,WEBSTER ST,980,0,4,MID-RISE,2,4,2,2,0,1
594000,403,WASHINGTON ST,1505,0,1,LOW-RISE,0,6,3,2,0,0
230000,19,WINCHESTER ST,684,0,7,HIGH-RISE,2,4,1,1,0,0
620000,1265,BEACON ST,1388,1,5,HIGH-RISE,2,5,2,2,0,1
285000,33,POND AVE,870,0,7,HIGH-RISE,5,3,1,1,0,1
559000,89,GLEN RD,1225,0,1,LOW-RISE,0,5,2,2,0,1
641500,1514,BEACON ST,1270,1,2,MID-RISE,2,4,2,2,0,0
333000,10,HOMER ST,880,0,1,LOW-RISE,0,4,2,1,0,0
537450,487,WASHINGTON ST,1231,0,3,ROW-MIDDLE,0,6,2,1,0,0
585000,44,STANTON RD,1327,0,1,CONVERTED-HOUSE,0,4,2,1,0,0
872000,111,CROWNINSHIELD RD,1777,0,2,LOW-RISE,0,5,3,2,1,2
408500,628,WASHINGTON ST,860,0,1,LOW-RISE,0,4,2,1,1,1
472000,135,FREEMAN ST,1140,0,3,ROW-END,0,5,2,1,0,0
315000,99,POND AVE,765,0,6,HIGH-RISE,5,3,1,1,0,1
379000,1742,BEACON ST,823,1,1,ROW-END,0,4,2,1,0,0
300000,23,WESTBOURNE TER,693,0,3,LOW-RISE,0,4,2,1,0,0
1038000,55,STATION ST,2060,0,2,LOW-RISE,1,5,3,2,1,2
290000,19,ALTON CT,598,0,2,LOW-RISE,0,3,1,1,0,0
455000,30,STEARNS RD,1075,0,3,MID-RISE,2,3,1,1,1,1
375000,112,SEWALL AVE,931,0,2,LOW-RISE,0,3,1,1,0,0
292000,77,POND AVE,860,0,9,HIGH-RISE,5,3,1,1,0,1
550000,45,LONGWOOD AVE,1161,0,8,MID-RISE,2,4,2,2,0,1
295700,769,BOYLSTON ST,1016,0,2,DECKER,0,5,3,1,0,0
670000,76,MARSHAL ST,1580,0,2,ROW-MIDDLE,0,6,3,2,0,0
214500,44,WASHINGTON ST,500,0,9,HIGH-RISE,5,2,1,1,0,1
930000,124,LONGWOOD AVE,2260,0,2,ROW-END,0,7,3,2,0,0
525000,137,BEACONSFIELD RD,1560,0,1,LOW-RISE,0,5,2,2,0,0
450000,154,HARVARD ST,1422,0,2,LOW-RISE,0,7,4,2,0,0
500000,63,BABCOCK ST,1070,0,1,ROW-END,0,5,2,1,0,1
511100,20,WEBSTER ST,950,0,6,MID-RISE,2,4,2,2,0,1
417500,231,RAWSON RD,895,0,1,ROW-MIDDLE,0,4,2,1,0,0
205000,197,KENT ST,425,0,1,LOW-RISE,2,2,1,1,0,0
359550,7,REGENT CIR,868,0,4,ROW-MIDDLE,0,3,1,1,0,0
455000,120,FRANKLIN ST,1264,0,2,DECKER,0,6,3,1,1,0
335000,1450,BEACON ST,713,1,7,HIGH-RISE,4,3,1,1,0,0
410000,16,ADDINGTON RD,932,0,4,MID-RISE,1,4,2,2,0,0
465000,399,WASHINGTON ST,1110,0,1,LOW-RISE,0,5,2,1,0,0
208000,44,WASHINGTON ST,500,0,3,HIGH-RISE,5,2,1,1,0,0
451000,60,ASPINWALL AVE,1490,0,2,DECKER,0,6,3,1,0,0
472500,32,JAMES ST,1100,0,1,LOW-RISE,0,5,3,1,0,0
225500,34,WINCHESTER ST,447,0,3,LOW-RISE,0,3,1,1,0,0
414500,131,SEWALL AVE,854,0,6,MID-RISE,2,3,1,1,0,0
726000,336,TAPPAN ST,1620,0,3,ROW-MIDDLE,0,6,2,2,0,0
566500,17,STRATHMORE RD,1348,0,3,ROW-MIDDLE,0,6,3,2,0,0
879000,629,HAMMOND ST,1819,0,4,LOW-RISE,2,5,3,2,1,2
335000,337,TAPPAN ST,761,0,2,LOW-RISE,0,4,1,1,0,0
340000,275,CYPRESS ST,649,0,1,LOW-RISE,0,3,1,1,0,0
466000,127,BROWNE ST,988,0,3,DECKER,0,5,2,1,0,1
315000,6,PERRY ST,900,0,1,LOW-RISE,0,5,2,1,0,0
652500,113,CENTRE ST,1726,0,1,CLUSTER-TYPE,0,6,3,2,0,1
305000,77,POND AVE,860,0,8,HIGH-RISE,5,3,1,1,0,1
545000,159,ST PAUL ST,1115,0,4,LOW-RISE,0,5,2,2,0,0
445000,86,GRIGGS RD,1067,0,3,LOW-RISE,0,4,2,2,0,0
635000,295,TAPPAN ST,1550,0,2,DECKER,0,6,2,2,0,0
385000,413,WASHINGTON ST,1100,0,1,LOW-RISE,0,5,2,1,0,0
318000,21,WESTBOURNE TER,896,0,3,LOW-RISE,0,4,2,1,0,0
364000,1731,BEACON ST,925,1,5,HIGH-RISE,2,4,1,1,0,1
905000,11,LONGWOOD AVE,1700,0,3,LOW-RISE,1,6,3,2,1,0
750000,43,GARDNER RD,1539,0,1,DECKER,0,6,3,2,0,1
644000,1,REGENT CIR,1509,0,1,ROW-END,0,6,2,1,1,0
365000,7,LEVERETT ST,865,0,3,DECKER,0,5,2,1,0,0
310000,22,PERRY ST,659,0,1,ROW-END,0,4,2,1,0,0
401500,43,PRINCE ST,956,0,1,DECKER,0,5,2,1,1,0
607000,94,UNIVERSITY RD,1183,0,3,ROW-END,1,6,2,2,0,0
335000,42,BROWNE ST,872,0,1,LOW-RISE,0,4,1,1,0,0
357000,22,PARKMAN ST,722,0,1,LOW-RISE,0,4,1,1,0,1
610000,40,CLAFLIN RD,1405,0,3,DECKER,0,6,3,2,0,0
478750,27,VERNDALE ST,1106,0,3,DECKER,0,4,2,1,0,0
700000,150,CLARK RD,3175,0,1,DECKER,0,9,4,2,0,1
572500,120,BEACONSFIELD RD,1963,0,3,CLUSTER-TYPE,1,5,2,1,1,1
610000,150,WALNUT ST,1462,0,2,DECKER,0,5,2,2,0,0
355000,179,HIGH ST,980,0,3,DECKER,0,5,3,1,0,0
345000,47,GIBBS ST,923,0,1,DECKER,0,5,1,1,0,0
510000,63,BABCOCK ST,1070,0,3,ROW-END,0,5,2,1,0,0
620000,10,KILSYTH RD,1597,0,2,ROW-END,0,7,3,2,0,0
470000,229,FREEMAN ST,1023,0,1,LOW-RISE,0,5,2,1,1,0